fecha,hora,holdout,dentro_banda_holdout,dentro_banda_holdout_fino,fraccion_mismo_primero,ganadores_distintos,primer_ganador_fino_igual,max_cambio_pnl_refinamiento
2026-10-02,09:45,138,3,2,1.0,1,True,18.960651950252213
2026-10-02,10:00,144,4,3,1.0,1,True,39.034159616690886
2026-10-05,09:45,112,6,5,0.4444444444444444,2,True,18.884022999608533
2026-10-05,10:00,112,5,6,0.6666666666666666,2,True,19.099251571408786
2026-10-06,09:45,130,8,8,1.0,1,True,19.367844028366562
2026-10-06,10:00,130,8,7,0.7777777777777778,2,True,18.925018636065033
2026-10-07,09:45,148,5,6,0.3333333333333333,2,True,18.267151070552245
2026-10-07,10:00,148,6,6,0.5555555555555556,3,True,18.282386445052907
2026-10-08,09:45,142,6,5,1.0,1,True,18.41499785286669
2026-10-08,10:00,142,7,7,1.0,1,True,19.28171390193893
2026-10-09,09:45,148,6,7,0.6666666666666666,3,True,19.996934993584546
2026-10-09,10:00,148,7,7,1.0,1,True,41.43504823079638
