dias,sigma,alpha,precio,precio_lognormal,sensibilidad_spot,sensibilidad_sigma,sensibilidad_plazo,condicion
7,0.15,0.01,95.30898782336413,95.31122735795203,0.9530898782336413,-30.970369913912588,-118.53695404977309,74.42266656668805
7,0.15,0.05,96.66969360307016,96.67009693463288,0.9666969360307016,-22.29726499719043,-84.58548977774892,19.488754082854875
7,0.15,0.5,100.03019224515972,100.03021004176635,1.0003019224515972,-0.28746212057070203,1.575295311687391,5.207544539465558
7,0.15,0.95,103.50760109437944,103.50711583299493,1.0350760109437944,23.27537287750576,93.82063934429321,20.866015667249833
7,0.15,0.99,104.98544310018514,104.98283568861278,1.0498544310018514,33.5214442939353,133.9351802552896,82.01660185610446
7,0.25,0.01,92.25223790951252,92.2541838400655,0.9225223790951251,-30.170203378051514,-194.15003438946528,120.00335177258972
7,0.25,0.05,94.45652487330099,94.45672658216,0.94456524873301,-21.968064638555337,-140.63289456569316,31.72373644510381
7,0.25,0.5,99.9918527173743,99.9918496472278,0.999918527173743,-0.47925013233861774,-0.42488284372393054,8.675651117807588
7,0.25,0.95,105.85154504521464,105.85132851472534,1.0585154504521463,23.601400151920306,156.6900494798964,35.54873439635871
7,0.25,0.99,108.38075665242543,108.37849926901168,1.0838075665242544,34.3976716117337,227.12981233027995,140.95675871269538
7,0.45,0.01,86.37916723517233,86.38139649193049,0.8637916723517233,-28.57704120289765,-332.935090541527,202.1475360093476
7,0.45,0.05,90.12892653304088,90.12898839644367,0.9012892653304089,-21.307905791907203,-247.5528332658824,54.47875711263094
7,0.45,0.5,99.85773904828731,99.85770407651871,0.9985773904828732,-0.861605785167032,-7.412961280719729,15.596204706021704
7,0.45,0.95,110.63650180078986,110.63655812458937,1.1063650180078985,24.245753636578005,287.44304840156633,66.87182173982045
7,0.45,0.99,115.43906431483421,115.43644197006122,1.1543906431483422,36.197052804377904,427.78923119318074,270.14411772832193
14,0.15,0.01,93.44869298832397,93.45059991843323,0.9344869298832397,-43.109514296069754,-81.76740138168783,103.12975021026624
14,0.15,0.05,95.34013907085644,95.34036466443243,0.9534013907085643,-31.261404774211485,-58.551229767109646,27.173190674432302
14,0.15,0.5,100.06040688056518,100.06042920999892,1.000604068805652,-0.5753608510767142,1.575659649922302,7.36696510177961
14,0.15,0.95,105.01450512587267,105.01417242244202,1.0501450512587267,33.2219121566794,67.79799380043967,29.930388116596134
14,0.15,0.99,107.14017405923468,107.13777656246282,1.0714017405923468,48.18430205889643,97.11466487812083,118.23501243867838
14,0.25,0.01,89.21799621304186,89.2199737589664,0.8921799621304186,-41.505817325961715,-132.85282970833183,164.04506127430687
14,0.25,0.05,92.24713194480138,92.24721911914742,0.9224713194480139,-30.60112744906967,-97.2349924586357,43.81055099126411
14,0.25,0.5,99.98370461894548,99.98369995873809,0.9998370461894548,-0.9584955826647419,-0.4248474250849254,12.268752596822363
14,0.25,0.95,108.36910020177457,108.36901483747792,1.0836910020177457,33.868664190910735,113.30283395197627,51.46498261633446
14,0.25,0.99,112.0484319495583,112.04598966197648,1.1204843194955831,49.97519855515503,165.89435178841737,206.01982178088485
14,0.45,0.01,81.22842966309169,81.23110291999481,0.8122842966309168,-38.41552860761099,-223.15280846496628,268.81266029305596
14,0.45,0.05,86.25940532798843,86.25941229462444,0.8625940532798844,-29.276239636190766,-169.40656742061117,73.73374734739349
14,0.45,0.5,99.71567518347894,99.71561063433583,0.9971567518347894,-1.7207400241790678,-7.402292297724209,22.024721526681358
14,0.45,0.95,115.27068873370571,115.27093379928017,1.1527068873370572,35.14189998749239,209.25831845021767,98.52738265521639
14,0.45,0.99,122.40968221914679,122.40635232998882,1.2240968221914679,53.661362008712956,318.0896106864408,405.06419370681294
30,0.15,0.01,90.59540850317578,90.59719257493364,0.9059540850317578,-61.539254509381365,-53.70561796585823,146.30687989290928
30,0.15,0.05,93.29152658655214,93.29159096222867,0.9329152658655214,-45.14361345913104,-38.67338911162839,38.9153932775859
30,0.15,0.5,100.12949839709704,100.12953588013427,1.0012949839709704,-1.2339988165660227,1.5767395064120675,10.791657810231047
30,0.15,0.95,107.4688876854331,107.46867806799794,1.074688876854331,49.35073633970035,47.93572296978918,44.83050427771331
30,0.15,0.99,110.66738425184653,110.66484148809113,1.1066738425184652,72.44975912677101,69.10250424260899,178.7599048199529
30,0.25,0.01,84.61051186343929,84.6127588655813,0.8461051186343929,-58.175615068217326,-86.18855206189296,227.71492853098044
30,0.25,0.05,88.84825179686231,88.84823161006857,0.8884825179686231,-43.72331708384085,-64.09597757168655,61.76429233086014
30,0.25,0.5,99.96508294392595,99.96507459349121,0.9996508294392595,-2.053610931535416,-0.42476650134025556,17.956595457519317
30,0.25,0.95,112.47281865995467,112.47287602007623,1.1247281865995467,50.72426903472527,80.1811115755595,78.18524465963388
30,0.25,0.99,118.10599616239482,118.10294655865678,1.181059961623948,76.34569068877644,119.30114870602915,317.8515030523207
30,0.45,0.01,73.61850432977457,73.62193441407761,0.7361850432977457,-51.83027775548538,-139.8957019756884,356.62665296690653
30,0.45,0.05,80.3878741009838,80.38786652769583,0.8038787410098379,-40.88185891608134,-109.74273740586008,100.5881427961919
30,0.45,0.5,99.39171612092017,99.39158441666164,0.9939171612092017,-3.6753655556758487,-7.378313669810961,32.13654368993264
30,0.45,0.95,122.88722034305731,122.88778741815345,1.228872203430573,53.40160810584505,149.5059829042104,153.75643678479
30,0.45,0.99,134.18598593529717,134.18130250820232,1.3418598593529716,84.5367648002852,235.04569439014986,649.9679843927883
60,0.15,0.01,87.03044748970787,87.03229075148549,0.8703044748970786,-84.24363642130282,-36.08383428794747,198.75066367670283
60,0.15,0.05,90.71530717615084,90.71522554193855,0.9071530717615084,-62.73479036116126,-26.172415408678436,53.50980940232246
60,0.15,0.5,100.25917537240916,100.25923955571099,1.0025917537240916,-2.4714008326227055,1.578754822954497,15.281405277352
60,0.15,0.95,110.80750826332742,110.80736509487419,1.1080750826332741,71.15947129014634,35.45961411058354,65.36348424694513
60,0.15,0.99,115.49948521659783,115.49638679501118,1.1549948521659783,106.09375997701046,51.52723176167449,263.7815764421109
60,0.25,0.01,78.93600878360559,78.93869383554052,0.7893600878360558,-77.70711922227588,-56.95642730073539,300.42389693807206
60,0.25,0.05,84.58436735821353,84.58425973771645,0.8458436735821353,-59.88461285379711,-43.252614688821104,83.15283168115748
60,0.25,0.5,99.93017686275356,99.9301613848226,0.9993017686275355,-4.105817029848437,-0.4246148166613146,25.385563727498738
60,0.25,0.95,118.06001724796995,118.06022994540528,1.1806001724796995,73.87863274004383,59.36737877852224,116.0621180516452
60,0.25,0.99,126.50783283280882,126.50370394019217,1.2650783283280882,114.13159799152004,90.20661896085542,481.47645619553134
60,0.45,0.01,64.6157010999677,64.62004448793212,0.6461570109996769,-65.73744710854889,-88.23175446939294,442.67373222582677
60,0.45,0.05,73.17559611249025,73.17564562380794,0.7317559611249025,-54.21467917509783,-72.22979114317319,129.49100211780615
60,0.45,0.5,98.78712703447441,98.78687052854379,0.9878712703447441,-7.305995411962843,-7.333401508026067,45.171362640384395
60,0.45,0.95,133.36084526539514,133.36193627853964,1.3336084526539513,79.06790427735073,111.82608573788352,235.9724972203314
60,0.45,0.99,151.02555741663969,151.0188652167479,1.5102555741663968,131.28293459571196,183.77476515572667,1034.5173434701828
90,0.15,0.01,84.4157451147407,84.41767673642786,0.844157451147407,-100.64911416145968,-28.33266757573197,236.08569002771137
90,0.15,0.05,88.81358122825964,88.813405225553,0.8881358122825964,-75.82413695437927,-20.664360380621556,64.1579950962773
90,0.15,0.5,100.3890196183408,100.3891112440854,1.003890196183408,-3.711994925244505,1.5807924348711124,18.74002570605064
90,0.15,0.95,113.47369222294093,113.47356438797782,1.1347369222294093,88.48110704458476,29.97813923218726,81.97996681455147
90,0.15,0.99,119.38595967165504,119.38226738747137,1.1938595967165504,133.51186536261724,43.83696298649047,333.94853015673374
90,0.25,0.01,74.83510160168389,74.83811850508756,0.7483510160168388,-91.0755152507331,-44.1477204431241,348.8242976722618
90,0.25,0.05,81.44521335684017,81.44505805726988,0.8144521335684017,-71.54387992010813,-34.068911746338685,98.06168124624752
90,0.25,0.5,99.89528320956715,99.89526036973406,0.9989528320956715,-6.156584166082457,-0.42446588593487417,31.07993299671523
90,0.25,0.95,122.52476063945197,122.52508970304818,1.2252476063945197,92.51727819112588,50.210490912382845,147.51946912809612
90,0.25,0.99,133.3470886290444,133.34198191605492,1.333470886290444,145.83228414595155,77.53273000499678,621.5626799332438
90,0.45,0.01,58.37842713757983,58.38337548443945,0.5837842713757982,-73.93002427018284,-65.88333135704379,489.8333384236575
90,0.45,0.05,67.9866645432621,67.98679662001253,0.679866645432621,-63.075532259294036,-55.72002083553794,147.34829615460276
90,0.45,0.5,98.1862155885117,98.18583581395585,0.981862155885117,-10.892364573974085,-7.288812995892972,54.98706370345408
90,0.45,0.95,141.7973836485384,141.79897912188645,1.4179738364853842,100.07584649545494,95.1488991322631,307.28412399075967
90,0.45,0.99,165.1317088669199,165.1233467488447,1.651317088669199,172.44260555991482,161.81626120317173,1385.345106530781
