dias,sigma,masa_fronteras,error_masa,error_masa_tangentes,error_pdf,error_cdf,error_pdf_spot,error_pdf_sigma,error_pdf_plazo,error_cdf_spot,error_cdf_sigma,error_cdf_plazo,error_cuantil,error_cuantil_sigma,error_cuantil_plazo
7,0.15,0.0,5.928590951498336e-14,1.1061345401795723e-16,3.203080156818916e-05,3.0463522223911355e-05,0.00048522012762845963,0.0005383480042531752,0.002133220876347819,3.207244161021472e-05,0.00011972458517080231,0.00037228067746908344,0.002607411572356,0.009676081535626935,0.0437512580471946
7,0.25,0.0,3.856914787547794e-13,2.6390617453450395e-15,1.84600723468209e-05,3.004397250663815e-06,0.00010411771709813882,7.750945911472185e-05,0.0005054128854151685,1.84840704408884e-05,0.00034837795126907434,0.002270206387905205,0.0022573834137489257,0.006895690887915862,0.04076689216998375
7,0.45,1.1681955615550527e-120,1.4577228313328305e-13,1.7727416477856398e-15,1.0075335861475798e-05,3.0083955779691696e-05,1.782172238115132e-05,4.2170208020199385e-05,0.0004960027390432109,1.0088433798086105e-05,1.7075808318778307e-05,0.0001844979490916998,0.002622344772987617,0.003798919498379405,0.048022217741731765
14,0.15,0.0,4.637401573859279e-13,2.517960314601984e-15,2.197429501107906e-05,1.2656256511256458e-05,0.00018019510544758227,0.0002343319650529585,0.00047458165298441823,2.2002861594594414e-05,0.0006390628674419752,0.0012232840068531203,0.0023974967718629614,0.012218360120755278,0.019465551251030888
14,0.25,9.999908474523047e-187,4.944933351680447e-13,2.2923054719350227e-16,1.2887259784585825e-05,2.4645332637518447e-05,3.676967009689472e-05,0.00010729253738773689,0.0003557768374839558,1.2904013222320154e-05,0.00014715053373559606,0.0004619550646864923,0.0024422875818288503,0.0021904286855658484,0.005825307141449798
14,0.45,1.6597652366505505e-63,2.440270208126094e-13,4.314173958916914e-15,7.0951530069807145e-06,2.8526745726342728e-05,1.0477313395846656e-05,1.58887295398924e-05,9.323852205234129e-05,7.104376705889537e-06,3.1385774989067805e-05,0.00017462081193331258,0.0033298891579676138,0.004699916560213069,0.03082672224218186
30,0.15,3.39844650596356e-234,1.794120407794253e-13,8.081104430394579e-16,1.4749376014380755e-05,1.9342840563485453e-05,5.4270195619712866e-05,0.00017089195503487697,0.00015621266083336305,1.4768550203200781e-05,0.0003736092610560071,0.000357958038907924,0.0025427637554003013,0.006955939736940309,0.010495614261927244
30,0.25,2.8081396418606423e-93,4.758415883543421e-13,2.00939677035599e-15,8.74189647501189e-06,2.9529300027753003e-05,1.3387208661148377e-05,5.1418473032027734e-05,7.844771954135243e-05,8.75326094042922e-06,2.5156431079143005e-05,2.5358378656248348e-05,0.0030496037380345342,0.00509201328826947,0.010150265559133231
30,0.45,1.4168772940572516e-31,6.948885911128855e-13,2.7615131846182957e-16,4.836945691498451e-06,2.2833955563572594e-05,4.415165750941202e-06,1.0776627597020028e-05,2.9519410129463797e-05,4.843233720897705e-06,4.0462373531252593e-05,0.00010523237922821504,0.004683427094846593,0.008326724553938902,0.026199990114037064
60,0.15,4.912962736524168e-126,7.016609515630989e-14,7.412065431322439e-16,1.0346915374465082e-05,3.061385875180456e-05,1.9110222467155996e-05,0.00012677834997879,5.715270067082473e-05,1.0360366364453588e-05,7.886507893339889e-05,3.14823031246636e-05,0.003098421586656741,0.008766938091881116,0.006019303234289453
60,0.25,4.451004606135579e-49,5.38680211548126e-13,5.038443088637963e-16,6.162157252159739e-06,2.5678453833166692e-05,7.529102484516142e-06,2.481622801953076e-05,1.886084859600845e-05,6.170168056589265e-06,7.289750935568495e-05,4.748963575118559e-05,0.004128892616648727,0.012070572359746734,0.01262831281709964
60,0.45,2.427540451774586e-17,1.0818013151947525e-12,1.262053200503409e-15,3.4181224576324e-06,1.7768304653054123e-05,1.7358228237377977e-06,7.5907690854568055e-06,1.0401882124755346e-05,3.422566016823142e-06,3.7044219618059815e-05,4.7188529231301235e-05,0.006692199891773498,0.013180087088215942,0.021779311195700757
90,0.15,1.175033893406761e-86,2.2715163083830703e-13,2.100822856514868e-15,8.426327490748675e-06,3.099741610712581e-05,1.0957536709174306e-05,7.30912817116236e-05,2.2186066331766896e-05,8.437281716483502e-06,7.660658624053518e-05,1.5249916148929454e-05,0.0036922841836712905,0.019423581515809474,0.009690725277060608
90,0.25,6.6869100846399424e-34,2.5850432905372145e-12,6.456989853847002e-16,5.026119030429599e-06,2.2406836443722433e-05,4.67805655173046e-06,2.0198150325584363e-05,1.0234492654109806e-05,5.0326529851679735e-06,7.855269007989163e-05,3.387382666247829e-05,0.005106712989487505,0.018068734816580445,0.012790069562925055
90,0.45,1.375470279819526e-12,4.392486374626969e-12,7.876673489379038e-16,2.791006858880035e-06,1.53387674264871e-05,9.735355167827929e-07,6.185948571178768e-06,5.654296319844432e-06,2.794635167797238e-06,3.405943690060198e-05,2.8324360426740247e-05,0.008362118075183389,0.01740277010162572,0.019933295248392824
