estructura,papel,direccion,apta,precio,ventaja,ventaja_sin_costos,coste_ejecucion,residuo_ajuste,ventaja_peor_caso,escenario_peor,signo_estable,capital,rendimiento_sobre_capital,cvar,var,prob_ganancia,perdida_maxima,ganancia_maxima,equilibrio,ventaja_no_fiable,fraccion_no_fiable,cota_extrapolacion,motivos
put corto 95,vender puts,alcista,True,-0.82,0.3195232946,0.3583519379,0.04,0.001171356686,0.1403473256,convicción a la mitad,True,93.87818409,0.003403594751,7.341193871,2.669739883,0.9121140743,94.1873326,0.8126673961,94.19,0.1067844993,0.3341994187,0.7884132405,
put corto 97,vender puts,alcista,True,-1.18,0.4166022933,0.4588570434,0.045,0.00274524988,0.1871737716,convicción a la mitad,True,95.51161954,0.004361796976,8.980008362,4.308554374,0.8738147032,95.82614709,1.173852905,95.83,0.1161915561,0.278902824,0.7884132405,
reversal de riesgo -97p/+103c,vender puts,alcista,True,-0.33,0.5492463039,0.6305924854,0.085,0.003653818531,0.2339500612,convicción a la mitad,True,96.37161954,0.005699253645,9.842840412,5.171386424,0.8471228203,96.68897914,inf,96.69,0.1797326647,0.3272350918,6.742113638,
put spread alcista 92/97,vender puts,alcista,True,-0.65,0.1347545391,0.2183066019,0.08,-0.003552062742,0.02560123819,convicción a la mitad,True,4.353588636,0.03095251995,4.367925359,4.367925359,0.8572989523,4.367925359,0.6320746414,96.37,0.02351764189,0.1745220758,0,
put spread alcista 90/95,vender puts,alcista,True,-0.45,0.107588785,0.1767721717,0.075,0.005816613311,0.01920269918,convicción a la mitad,True,4.553588636,0.02362725174,4.350066367,3.050991254,0.9035704335,4.568583975,0.4314160251,94.57,0.02351764189,0.2185882282,0,
collar 97/103,comprar puts,cobertura,False,100.4031544,0.2197391697,0.3682171678,0.1449466039,-0.003531394212,0.0356305858,convicción a la mitad,True,100.4331544,0.002187914649,3.76388892,3.76388892,0.6260475617,3.76388892,2.23611108,100.76,0.5121953776,2.330924333,0,el 233% de la ventaja procede de la zona sin cotizaciones utilizables (máximo 35%) | rendimiento esperado sobre capital 0.219% por debajo de 0.300%
put protectora 97,comprar puts,cobertura,False,101.1931544,0.4323831803,0.5399526098,0.1049466039,-0.002622825561,0.1624068754,convicción a la mitad,True,101.2131544,0.004272005779,4.546457524,4.546457524,0.5570679084,4.546457524,inf,101.55,0.5757364862,1.331542281,5.953700397,el 133% de la ventaja procede de la zona sin cotizaciones utilizables (máximo 35%)
put protectora 95,comprar puts,cobertura,False,100.8231544,0.539462179,0.6404577152,0.09994660387,-0.001048932367,0.2192333214,convicción a la mitad,True,100.8431544,0.005349517104,6.175239084,6.175239084,0.5927977054,6.175239084,inf,101.18,0.5851435429,1.084679456,5.953700397,el 108% de la ventaja procede de la zona sin cotizaciones utilizables (máximo 35%)
collar 95/105,comprar puts,cobertura,False,100.5431544,0.428549589,0.5615226385,0.1299466039,-0.003026445597,0.1477882698,convicción a la mitad,True,100.5731544,0.004261073363,5.904349952,5.904349952,0.6152418564,5.904349952,4.095650048,100.90,0.5404070485,1.26101404,0,el 126% de la ventaja procede de la zona sin cotizaciones utilizables (máximo 35%)
put protectora 92,comprar puts,cobertura,False,100.4731544,0.6571377195,0.7582592116,0.09494660387,-0.006174888303,0.2780081136,convicción a la mitad,True,100.4931544,0.006539129194,8.824086505,8.824086505,0.6206793806,8.824086505,inf,100.82,0.5992541281,0.9119155853,5.953700397,el 91% de la ventaja procede de la zona sin cotizaciones utilizables (máximo 35%)
collar 92/108,comprar puts,cobertura,False,100.4531544,0.6052212244,0.7417296385,0.1249466039,-0.01156181022,0.2343564051,convicción a la mitad,True,100.4831544,0.006023111319,8.814053574,8.814053574,0.6206793806,8.814053574,7.185946426,100.81,0.5827245549,0.9628290143,0,el 96% de la ventaja procede de la zona sin cotizaciones utilizables (máximo 35%)
put corto 92,vender puts,alcista,False,-0.48,0.2118477542,0.2405504415,0.035,0.006297312622,0.05904034427,dirección con la dispersión de Q,True,91.22803091,0.002322178305,4.682313519,0.01085953083,0.9496220401,91.52845225,0.4715477483,91.53,0.09267391418,0.4374552591,0.7884132405,el 44% de la ventaja procede de la zona sin cotizaciones utilizables (máximo 35%) | rendimiento esperado sobre capital 0.232% por debajo de 0.300%
reversal de riesgo -92p/+108c,vender puts,alcista,False,-0.42,0.2037642492,0.2570800147,0.065,0.01168423454,0.06639328195,dirección con la dispersión de Q,True,91.29803091,0.002231858094,4.752544035,0.08109004653,0.9489778118,91.59868277,inf,91.60,0.1092034873,0.5359305557,6.742113638,el 54% de la ventaja procede de la zona sin cotizaciones utilizables (máximo 35%) | rendimiento esperado sobre capital 0.223% por debajo de 0.300%
reversal de riesgo -95p/+105c,vender puts,alcista,False,-0.5,0.3704358846,0.4372870147,0.07,0.003148869916,0.1517923773,convicción a la mitad,True,94.20818409,0.003932098768,7.672280588,3.0008266,0.9048439533,94.51841932,inf,94.52,0.1515209937,0.4090343296,6.742113638,el 41% de la ventaja procede de la zona sin cotizaciones utilizables (máximo 35%)
forward largo,sin puts,alcista,False,99.94315435,0.9389854736,0.9988096532,0.05994660387,0.000122424319,0.439580647,convicción a la mitad,True,99.95315435,0.009394255536,13.43616951,8.76471552,0.6665226091,100.2823082,inf,100.28,0.6919280422,0.736888974,6.742113638,el 74% de la ventaja procede de la zona sin cotizaciones utilizables (máximo 35%)
call largo 103,sin puts,alcista,False,0.85,0.1326440106,0.171735442,0.04,0.0009085686517,0.04677628965,convicción a la mitad,True,0.86,0.1542372217,0.8628320501,0.8628320501,0.3205693663,0.8628320501,inf,103.86,0.0635411086,0.4790348866,5.953700397,el 48% de la ventaja procede de la zona sin cotizaciones utilizables (máximo 35%)
put spread alcista 87/92,vender puts,alcista,False,-0.25,0.05961423349,0.1239148362,0.065,0.0006993973132,-0.002343184601,convicción a la mitad,False,4.753588636,0.01254089027,3.161993829,0.2516498704,0.946992031,4.769242591,0.2307574088,91.77,0.02351764189,0.3944970944,0,zona de no operación: la ventaja (+0.0596) no supera 1 veces el coste de ejecución más el residuo del ajuste (0.0657 = 0.0650 + 0.0007) | la ventaja desaparece en el escenario «convicción a la mitad» (-0.0023) | el signo de la ventaja no es estable entre escenarios | el 39% de la ventaja procede de la zona sin cotizaciones utilizables (máximo 35%)
call largo 105,sin puts,alcista,False,0.32,0.05091258999,0.07893507676,0.03,0.00197751323,0.01144505161,convicción a la mitad,True,0.33,0.1542805757,0.3310867169,0.3310867169,0.1756486262,0.3310867169,inf,105.33,0.04473649442,0.8786921748,5.953700397,el 88% de la ventaja procede de la zona sin cotizaciones utilizables (máximo 35%)
put spread alcista 89/92,vender puts,alcista,False,-0.17,0.02731701866,0.08345682165,0.065,0.008860197002,-0.01441139217,convicción a la mitad,False,2.840153182,0.009618149764,2.285059789,0.3319133169,0.9463119678,2.849506038,0.1504939622,91.85,0.01411058514,0.5165492367,0,zona de no operación: la ventaja (+0.0273) no supera 1 veces el coste de ejecución más el residuo del ajuste (0.0739 = 0.0650 + 0.0089) | la ventaja desaparece en el escenario «convicción a la mitad» (-0.0144) | el signo de la ventaja no es estable entre escenarios | el 52% de la ventaja procede de la zona sin cotizaciones utilizables (máximo 35%)
call spread alcista 103/108,sin puts,alcista,False,0.83,0.08072751558,0.1552058688,0.07,-0.004478353268,0.003124581154,convicción a la mitad,True,0.85,0.09497354774,0.8527991193,0.8527991193,0.3205693663,0.8527991193,4.147200881,103.85,0.04701153545,0.5823483494,0,el 58% de la ventaja procede de la zona sin cotizaciones utilizables (máximo 35%)
put spread alcista 94/97,vender puts,alcista,False,-0.45,0.07259793804,0.1440304193,0.085,0.01356751876,0.0005827283995,convicción a la mitad,True,2.560153182,0.02835687277,2.568583975,2.568583975,0.8512846183,2.568583975,0.4314160251,96.57,0.01411058514,0.1943661971,0,zona de no operación: la ventaja (+0.0726) no supera 1 veces el coste de ejecución más el residuo del ajuste (0.0986 = 0.0850 + 0.0136)
put spread alcista 92/95,vender puts,alcista,False,-0.29,0.03767554045,0.1178014964,0.075,-0.005125955936,-0.02122520774,convicción a la mitad,False,2.720153182,0.01385052162,2.729110868,2.729110868,0.900967861,2.729110868,0.270889132,94.73,0.01411058514,0.3745290702,0,zona de no operación: la ventaja (+0.0377) no supera 1 veces el coste de ejecución más el residuo del ajuste (0.0801 = 0.0750 + 0.0051) | la ventaja desaparece en el escenario «convicción a la mitad» (-0.0212) | el signo de la ventaja no es estable entre escenarios | el 37% de la ventaja procede de la zona sin cotizaciones utilizables (máximo 35%)
call spread alcista 103/106,sin puts,alcista,False,0.71,0.04667184346,0.1228148093,0.07,-0.006142965885,-0.01473556121,convicción a la mitad,False,0.73,0.06393403214,0.7324039495,0.7324039495,0.3350599902,0.7324039495,2.26759605,103.73,0.02820692127,0.604366984,0,zona de no operación: la ventaja (+0.0467) no supera 1 veces el coste de ejecución más el residuo del ajuste (0.0761 = 0.0700 + 0.0061) | la ventaja desaparece en el escenario «convicción a la mitad» (-0.0147) | el signo de la ventaja no es estable entre escenarios | el 60% de la ventaja procede de la zona sin cotizaciones utilizables (máximo 35%)
call spread alcista 105/108,sin puts,alcista,False,0.3,-0.001003905081,0.06240550361,0.06,-0.003409408689,-0.03220665688,convicción a la mitad,False,0.32,-0.003137203377,0.3210537861,0.3210537861,0.1813526472,0.3210537861,2.678946214,105.32,0.02820692127,,0,ventaja esperada no positiva (-0.0010) | zona de no operación: la ventaja (-0.0010) no supera 1 veces el coste de ejecución más el residuo del ajuste (0.0634 = 0.0600 + 0.0034) | la ventaja desaparece en el escenario «convicción a la mitad» (-0.0322) | el signo de la ventaja no es estable entre escenarios | rendimiento esperado sobre capital -0.314% por debajo de 0.300%
call largo 108,sin puts,alcista,False,0.06,-0.00808350493,0.01652957315,0.03,0.005386921919,-0.01634829151,convicción a la mitad,False,0.07,-0.1154786419,0.07023051571,0.07023051571,0.03827390848,0.07023051571,inf,108.07,0.01652957315,,5.953700397,ventaja esperada no positiva (-0.0081) | zona de no operación: la ventaja (-0.0081) no supera 1 veces el coste de ejecución más el residuo del ajuste (0.0354 = 0.0300 + 0.0054) | la ventaja desaparece en el escenario «convicción a la mitad» (-0.0163) | el signo de la ventaja no es estable entre escenarios | rendimiento esperado sobre capital -11.548% por debajo de 0.300%
put spread bajista 92/97,comprar puts,bajista,False,0.77,-0.2947545391,-0.2183066019,0.08,0.003552062742,-0.2947545391,base,True,0.79,-0.3731070115,0.7926015344,0.7926015344,0.1369493487,0.7926015344,4.207398466,96.21,-0.02351764189,,0,ventaja esperada no positiva (-0.2948) | zona de no operación: la ventaja (-0.2948) no supera 1 veces el coste de ejecución más el residuo del ajuste (0.0836 = 0.0800 + 0.0036) | la ventaja desaparece en el escenario «base» (-0.2948) | rendimiento esperado sobre capital -37.311% por debajo de 0.300%
put largo 97,comprar puts,bajista,False,1.25,-0.5066022933,-0.4588570434,0.045,-0.00274524988,-0.5066022933,base,True,1.26,-0.4020653121,1.264149283,1.264149283,0.1228038758,1.264149283,95.73585072,95.74,-0.1161915561,,0.7884132405,ventaja esperada no positiva (-0.5066) | zona de no operación: la ventaja (-0.5066) no supera 1 veces el coste de ejecución más el residuo del ajuste (0.0477 = 0.0450 + 0.0027) | la ventaja desaparece en el escenario «base» (-0.5066) | rendimiento esperado sobre capital -40.207% por debajo de 0.300%
put spread bajista 94/97,comprar puts,bajista,False,0.58,-0.242597938,-0.1440304193,0.085,-0.01356751876,-0.242597938,base,True,0.6,-0.4043298967,0.6019758489,0.6019758489,0.1427010477,0.6019758489,2.398024151,96.40,-0.01411058514,,0,ventaja esperada no positiva (-0.2426) | zona de no operación: la ventaja (-0.2426) no supera 1 veces el coste de ejecución más el residuo del ajuste (0.0986 = 0.0850 + 0.0136) | la ventaja desaparece en el escenario «base» (-0.2426) | rendimiento esperado sobre capital -40.433% por debajo de 0.300%
put spread bajista 90/95,comprar puts,bajista,False,0.56,-0.257588785,-0.1767721717,0.075,-0.005816613311,-0.257588785,base,True,0.58,-0.4441185949,0.5819099873,0.5819099873,0.09266310902,0.5819099873,4.418090013,94.42,-0.02351764189,,0,ventaja esperada no positiva (-0.2576) | zona de no operación: la ventaja (-0.2576) no supera 1 veces el coste de ejecución más el residuo del ajuste (0.0808 = 0.0750 + 0.0058) | la ventaja desaparece en el escenario «base» (-0.2576) | rendimiento esperado sobre capital -44.412% por debajo de 0.300%
put spread bajista 92/95,comprar puts,bajista,False,0.4,-0.1876755405,-0.1178014964,0.075,0.005125955936,-0.1876755405,base,True,0.42,-0.4468465249,0.4213830943,0.4213830943,0.09642956654,0.4213830943,2.578616906,94.58,-0.01411058514,,0,ventaja esperada no positiva (-0.1877) | zona de no operación: la ventaja (-0.1877) no supera 1 veces el coste de ejecución más el residuo del ajuste (0.0801 = 0.0750 + 0.0051) | la ventaja desaparece en el escenario «base» (-0.1877) | rendimiento esperado sobre capital -44.685% por debajo de 0.300%
put largo 95,comprar puts,bajista,False,0.88,-0.3995232946,-0.3583519379,0.04,-0.001171356686,-0.3995232946,base,True,0.89,-0.4489025782,0.8929308426,0.8929308426,0.08673355319,0.8929308426,94.10706916,94.11,-0.1067844993,,0.7884132405,ventaja esperada no positiva (-0.3995) | zona de no operación: la ventaja (-0.3995) no supera 1 veces el coste de ejecución más el residuo del ajuste (0.0412 = 0.0400 + 0.0012) | la ventaja desaparece en el escenario «base» (-0.3995) | rendimiento esperado sobre capital -44.890% por debajo de 0.300%
put largo 92,comprar puts,bajista,False,0.53,-0.2818477542,-0.2405504415,0.035,-0.006297312622,-0.2818477542,base,True,0.54,-0.5219402855,0.541778264,0.541778264,0.04974236719,0.541778264,91.45822174,91.46,-0.09267391418,,0.7884132405,ventaja esperada no positiva (-0.2818) | zona de no operación: la ventaja (-0.2818) no supera 1 veces el coste de ejecución más el residuo del ajuste (0.0413 = 0.0350 + 0.0063) | la ventaja desaparece en el escenario «base» (-0.2818) | rendimiento esperado sobre capital -52.194% por debajo de 0.300%
put spread bajista 87/92,comprar puts,bajista,False,0.34,-0.1896142335,-0.1239148362,0.065,-0.0006993973132,-0.1896142335,base,True,0.36,-0.5267062041,0.3611855094,0.3611855094,0.05167517939,0.3611855094,4.638814491,91.64,-0.02351764189,,0,ventaja esperada no positiva (-0.1896) | zona de no operación: la ventaja (-0.1896) no supera 1 veces el coste de ejecución más el residuo del ajuste (0.0657 = 0.0650 + 0.0007) | la ventaja desaparece en el escenario «base» (-0.1896) | rendimiento esperado sobre capital -52.671% por debajo de 0.300%
put spread bajista 89/92,comprar puts,bajista,False,0.26,-0.1573170187,-0.08345682165,0.065,-0.008860197002,-0.1573170187,base,True,0.28,-0.5618464952,0.2809220628,0.2809220628,0.05233706257,0.2809220628,2.719077937,91.72,-0.01411058514,,0,ventaja esperada no positiva (-0.1573) | zona de no operación: la ventaja (-0.1573) no supera 1 veces el coste de ejecución más el residuo del ajuste (0.0739 = 0.0650 + 0.0089) | la ventaja desaparece en el escenario «base» (-0.1573) | rendimiento esperado sobre capital -56.185% por debajo de 0.300%
forward corto,sin puts,bajista,False,-99.84326114,-1.058878681,-0.9988096532,0.05994660387,-0.000122424319,-1.058878681,base,True,inf,,9.04524221,7.461351527,0.328721769,inf,100.1620202,100.16,-0.6919280422,,6.742113638,ventaja esperada no positiva (-1.0589) | zona de no operación: la ventaja (-1.0589) no supera 1 veces el coste de ejecución más el residuo del ajuste (0.0601 = 0.0599 + 0.0001) | la ventaja desaparece en el escenario «base» (-1.0589) | pérdida no acotada por arriba | capital inmovilizado no acotado: hace falta un margen declarado
