contrato,strike,dte,cantidad,capital_reservado,escenario,valor_teorico,precio_salida_asumido,pnl,retorno_capital_reservado
P95-14d,95.0,14.0,12,480.9329171337644,objetivo,0.011985402488506694,0.0,-480.9329171337644,-1.0
P95-14d,95.0,14.0,12,480.9329171337644,sin_movimiento,0.10244987457574939,0.06244987457574939,-405.9930676428651,-0.8441781653509571
P95-14d,95.0,14.0,12,480.9329171337644,contrario,0.5477101558344052,0.5077101558344052,128.31926986752183,0.26681324005075685
P95-14d,95.0,14.0,12,480.9329171337644,sube_pero_cae_iv,0.001758210635195369,0.0,-480.9329171337644,-1.0
P95-14d,95.0,14.0,12,480.9329171337644,llega_tarde,0.0,0.0,-480.9329171337644,-1.0
P95-14d,95.0,14.0,12,480.9329171337644,sube_iv,0.040669445861535515,0.0006694458615355142,-480.1295820999218,-0.9983296318359111
C100-14d,100.0,14.0,2,411.2559482351435,objetivo,3.42786394922756,3.38786394922756,266.3168416103686,0.6475695798522453
C100-14d,100.0,14.0,2,411.2559482351435,sin_movimiento,1.4089535020453314,1.3689535020453314,-137.4652478260772,-0.33425716616621143
C100-14d,100.0,14.0,2,411.2559482351435,contrario,0.3682099986359129,0.32820999863591294,-345.61394850796086,-0.8403865038089356
C100-14d,100.0,14.0,2,411.2559482351435,sube_pero_cae_iv,3.2536524337719808,3.2136524337719807,231.4745385192527,0.5628478797999116
C100-14d,100.0,14.0,2,411.2559482351435,llega_tarde,3.0,3.0,188.74405176485658,0.45894546346339665
C100-14d,100.0,14.0,2,411.2559482351435,sube_iv,3.631814623647535,3.591814623647535,307.10697649436355,0.7467538835906861
P100-14d,100.0,14.0,2,390.5646606529673,objetivo,0.376374349867352,0.33637434986735204,-323.2897906794969,-0.8277497255870601
P100-14d,100.0,14.0,2,390.5646606529673,sin_movimiento,1.3567301168689352,1.3167301168689352,-127.21863727918026,-0.32573002653770367
P100-14d,100.0,14.0,2,390.5646606529673,contrario,3.315252827643328,3.275252827643328,264.4859048756984,0.6771885209315058
P100-14d,100.0,14.0,2,390.5646606529673,sube_pero_cae_iv,0.20216273026827702,0.16216273026827702,-358.1321145993119,-0.916959854997037
P100-14d,100.0,14.0,2,390.5646606529673,llega_tarde,0.0,0.0,-390.5646606529673,-1.0
P100-14d,100.0,14.0,2,390.5646606529673,sube_iv,0.5803251515738266,0.5403251515738265,-282.499630338202,-0.7233107825626203
C105-14d,105.0,14.0,10,490.4732168226448,objetivo,0.6708938911468555,0.6308938911468555,140.42067432421067,0.2862963144733483
C105-14d,105.0,14.0,10,490.4732168226448,sin_movimiento,0.13502039047461614,0.09502039047461613,-395.4528263480287,-0.8062679322427191
C105-14d,105.0,14.0,10,490.4732168226448,contrario,0.015219195243064434,0.0,-490.4732168226448,-1.0
C105-14d,105.0,14.0,10,490.4732168226448,sube_pero_cae_iv,0.43276066361529675,0.39276066361529677,-97.71255320734798,-0.1992209765098771
C105-14d,105.0,14.0,10,490.4732168226448,llega_tarde,0.0,0.0,-490.4732168226448,-1.0
C105-14d,105.0,14.0,10,490.4732168226448,sube_iv,0.9243575814608891,0.884357581460889,393.8843646382441,0.8030700783008764
P95-30d,95.0,30.0,5,486.1597681416172,objetivo,0.27467001543553554,0.23467001543553553,-368.8247604238494,-0.7586492848507604
P95-30d,95.0,30.0,5,486.1597681416172,sin_movimiento,0.6794338059990205,0.6394338059990204,-166.44286514210694,-0.3423624825607176
P95-30d,95.0,30.0,5,486.1597681416172,contrario,1.4728814862876496,1.4328814862876496,230.28097500220758,0.47367345077210765
P95-30d,95.0,30.0,5,486.1597681416172,sube_pero_cae_iv,0.10556272845390148,0.06556272845390149,-453.3784039146664,-0.9325708000226757
P95-30d,95.0,30.0,5,486.1597681416172,llega_tarde,0.1316822321292996,0.0916822321292996,-440.3186520769674,-0.9057077136598922
P95-30d,95.0,30.0,5,486.1597681416172,sube_iv,0.5153174285747201,0.4753174285747201,-248.50105385425712,-0.5111510045435709
C100-30d,100.0,30.0,1,301.75841802537445,objetivo,4.429831241031517,4.389831241031517,137.22470607777723,0.45475021699722123
C100-30d,100.0,30.0,1,301.75841802537445,sin_movimiento,2.5858318880192614,2.5458318880192614,-47.175229223448326,-0.15633442649968235
C100-30d,100.0,30.0,1,301.75841802537445,contrario,1.3028909929401977,1.2628909929401977,-175.46931873135472,-0.5814893910154306
C100-30d,100.0,30.0,1,301.75841802537445,sube_pero_cae_iv,3.996125763943529,3.956125763943529,93.85415836897846,0.3110241596013616
C100-30d,100.0,30.0,1,301.75841802537445,llega_tarde,4.031835454598547,3.9918354545985473,97.42512743448026,0.3228580268679958
C100-30d,100.0,30.0,1,301.75841802537445,sube_iv,4.886594348072085,4.846594348072085,182.90101678183402,0.6061173636138765
P100-30d,100.0,30.0,1,279.6149155810932,objetivo,1.2619511485463077,1.2219511485463077,-157.41980072646248,-0.5629878520582997
P100-30d,100.0,30.0,1,279.6149155810932,sin_movimiento,2.4155093495924747,2.3755093495924746,-42.063980621845786,-0.15043539624640123
P100-30d,100.0,30.0,1,279.6149155810932,contrario,4.130126008571832,4.090126008571832,129.39768527609,0.46277103997537783
P100-30d,100.0,30.0,1,279.6149155810932,sube_pero_cae_iv,0.8282453294664801,0.7882453294664801,-200.79038263444522,-0.718096108060489
P100-30d,100.0,30.0,1,279.6149155810932,llega_tarde,0.9148425933967201,0.8748425933967201,-192.13065624142124,-0.68712592045434
P100-30d,100.0,30.0,1,279.6149155810932,sube_iv,1.718714673576926,1.678714673576926,-111.74344822340063,-0.39963336001291777
C105-30d,105.0,30.0,4,476.6564800907167,objetivo,1.7908262236830828,1.7508262236830827,223.67400938251643,0.46925620174081567
C105-30d,105.0,30.0,4,476.6564800907167,sin_movimiento,0.8431368864563239,0.8031368864563239,-155.40172550818716,-0.3260245732495052
C105-30d,105.0,30.0,4,476.6564800907167,contrario,0.3315748005470191,0.2915748005470191,-360.026559871909,-0.7553166167034783
C105-30d,105.0,30.0,4,476.6564800907167,sube_pero_cae_iv,1.2965595002610626,1.2565595002610626,25.96732001370833,0.05447805935370115
C105-30d,105.0,30.0,4,476.6564800907167,llega_tarde,1.3608342003585268,1.3208342003585267,51.67720005269399,0.10841602330227179
C105-30d,105.0,30.0,4,476.6564800907167,sube_iv,2.29328233983566,2.25328233983566,424.65645584354735,0.8909067086693697
P95-60d,95.0,60.0,2,370.08519955395604,objetivo,0.9604781337436199,0.9204781337436199,-185.98957280523206,-0.5025587973509759
P95-60d,95.0,60.0,2,370.08519955395604,sin_movimiento,1.6117701974306688,1.5717701974306688,-55.73116006782226,-0.15059008070301663
P95-60d,95.0,60.0,2,370.08519955395604,contrario,2.5711442886035787,2.5311442886035787,136.14365816675968,0.3678711235435688
P95-60d,95.0,60.0,2,370.08519955395604,sube_pero_cae_iv,0.5039132465257699,0.4639132465257699,-277.30255024880205,-0.749293812838287
P95-60d,95.0,60.0,2,370.08519955395604,llega_tarde,0.8025264642468556,0.7625264642468556,-217.57990670458494,-0.5879184224789924
P95-60d,95.0,60.0,2,370.08519955395604,sube_iv,1.4980483560766904,1.4580483560766904,-78.47552833861795,-0.21204719462761634
C100-60d,100.0,60.0,1,430.2221096844275,objetivo,5.7686969506552614,5.728696950655261,142.64758538109862,0.33156730481781177
C100-60d,100.0,60.0,1,430.2221096844275,sin_movimiento,3.9830276949662875,3.9430276949662875,-35.91934018779875,-0.083490223722221
C100-60d,100.0,60.0,1,430.2221096844275,contrario,2.5695786212649545,2.5295786212649545,-177.26424755793207,-0.4120296088175414
C100-60d,100.0,60.0,1,430.2221096844275,sube_pero_cae_iv,5.058491084874874,5.018491084874874,71.62699880305996,0.16648841886717336
C100-60d,100.0,60.0,1,430.2221096844275,llega_tarde,5.4922284327427295,5.4522284327427295,115.00073358984542,0.2673054940718869
C100-60d,100.0,60.0,1,430.2221096844275,sube_iv,6.497169600516141,6.457169600516141,215.49485036718664,0.5008920869391265
P100-60d,100.0,60.0,1,386.0314333555649,objetivo,2.3833198145946657,2.3433198145946657,-151.69945189609837,-0.39297176029800507
P100-60d,100.0,60.0,1,386.0314333555649,sin_movimiento,3.592007026705079,3.552007026705079,-30.830730685057006,-0.0798658555264838
P100-60d,100.0,60.0,1,386.0314333555649,contrario,5.172914420803134,5.132914420803134,127.26000872474856,0.32966229619838294
P100-60d,100.0,60.0,1,386.0314333555649,sube_pero_cae_iv,1.6731131615833164,1.6331131615833163,-222.7201171972333,-0.5769481393296042
P100-60d,100.0,60.0,1,386.0314333555649,llega_tarde,2.1575149737894184,2.1175149737894183,-174.2799359766231,-0.451465660352321
P100-60d,100.0,60.0,1,386.0314333555649,sube_iv,3.1117934266267064,3.0717934266267064,-78.85209069289425,-0.20426339380571984
C105-60d,105.0,60.0,2,460.68347984170094,objetivo,3.1935548813424335,3.1535548813424334,170.02749642678577,0.3690766087058521
C105-60d,105.0,60.0,2,460.68347984170094,sin_movimiento,2.0113189972550582,1.9713189972550582,-66.41968039068928,-0.14417638855535317
C105-60d,105.0,60.0,2,460.68347984170094,contrario,1.1705764662277216,1.1305764662277216,-234.56818659615664,-0.509174296149622
C105-60d,105.0,60.0,2,460.68347984170094,sube_pero_cae_iv,2.4200017537560887,2.3800017537560887,15.316870909516808,0.03324814450646235
C105-60d,105.0,60.0,2,460.68347984170094,llega_tarde,2.9068936529465357,2.8668936529465356,112.69525074760622,0.24462620362755427
C105-60d,105.0,60.0,2,460.68347984170094,sube_iv,3.971041896339166,3.931041896339166,325.52489942613227,0.7066129211709272
