retorno,cambio_iv,mejor_condicional,pnl_mejor_incluyendo_caja,pnl_elegido
-0.03,-0.05,P100-7d,477.6917911726449,-379.5567649256884
0.0,-0.05,efectivo,0.0,-192.51938708318642
0.02,-0.05,C100-7d,162.16543722006702,67.25212765148984
0.03,-0.05,C100-7d,462.16543722006713,231.4745385192527
0.06,-0.05,C105-7d,2201.4563857036496,794.7683910927208
-0.03,-0.025,P100-7d,477.6917911726449,-363.47339794883004
0.0,-0.025,efectivo,0.0,-164.99966618483856
0.02,-0.025,C100-7d,162.16543722006702,89.09286743077564
0.03,-0.025,C100-7d,462.16543722006713,247.97727993904522
0.06,-0.025,C105-7d,2201.4563857036496,798.7209476177266
-0.03,0.0,P100-7d,477.6917911726449,-345.61394850796086
0.0,0.0,efectivo,0.0,-137.4652478260772
0.02,0.0,C100-7d,162.16543722006702,112.02821750367747
0.03,0.0,C100-7d,462.16543722006713,266.3168416103686
0.06,0.0,C105-7d,2201.4563857036496,804.5161223298278
-0.03,0.025,P100-7d,477.6917911726449,-326.3373691113754
0.0,0.025,P95-60d,7.492338699919628,-109.92034970248267
0.02,0.025,C105-30d,169.65366979117192,135.79310522758163
0.03,0.025,C100-7d,462.16543722006713,286.12312116495394
0.06,0.025,C105-7d,2201.4563857036496,812.2104046320574
-0.03,0.05,P100-7d,477.6917911726449,-305.9237874723832
0.0,0.05,C105-60d,74.76202956478949,-82.3678414446278
0.02,0.05,C105-30d,265.8106776724489,160.19894949974724
0.03,0.05,C100-7d,462.16543722006713,307.10697649436355
0.06,0.05,C105-7d,2201.4563857036496,821.7496050911016
