sesion,horizonte,inicio_at,decision_at,sesion_fin,label_end_at,label_available_at,precio_inicio,precio_fin,retorno_log,estado
2025-10-20,1,2025-10-20 13:45:00+00:00,2025-10-20 13:45:00+00:00,2025-10-21,2025-10-21 13:45:00+00:00,2025-10-21 13:45:00+00:00,5722.851629,5759.994948,0.006469379981,ok
2025-10-20,5,2025-10-20 13:45:00+00:00,2025-10-20 13:45:00+00:00,2025-10-27,2025-10-27 13:45:00+00:00,2025-10-27 13:45:00+00:00,5722.851629,5771.516918,0.00846772569,ok
2025-10-21,1,2025-10-21 13:45:00+00:00,2025-10-21 13:45:00+00:00,2025-10-22,2025-10-22 13:45:00+00:00,2025-10-22 13:45:00+00:00,5759.994948,5732.874429,-0.004719547167,ok
2025-10-21,5,2025-10-21 13:45:00+00:00,2025-10-21 13:45:00+00:00,2025-10-28,2025-10-28 13:45:00+00:00,2025-10-28 13:45:00+00:00,5759.994948,5748.162408,-0.002056375117,ok
2025-10-22,1,2025-10-22 13:45:00+00:00,2025-10-22 13:45:00+00:00,2025-10-23,2025-10-23 13:45:00+00:00,2025-10-23 13:45:00+00:00,5732.874429,5804.179957,0.01236128978,ok
2025-10-22,5,2025-10-22 13:45:00+00:00,2025-10-22 13:45:00+00:00,2025-10-29,2025-10-29 13:45:00+00:00,2025-10-29 13:45:00+00:00,5732.874429,5767.874925,0.006086665068,ok
2025-10-23,1,2025-10-23 13:45:00+00:00,2025-10-23 13:45:00+00:00,2025-10-24,2025-10-24 13:45:00+00:00,2025-10-24 13:45:00+00:00,5804.179957,5785.787754,-0.003173817101,ok
2025-10-23,5,2025-10-23 13:45:00+00:00,2025-10-23 13:45:00+00:00,2025-10-30,2025-10-30 13:45:00+00:00,2025-10-30 13:45:00+00:00,5804.179957,5756.265068,-0.008289501466,ok
2025-10-24,1,2025-10-24 13:45:00+00:00,2025-10-24 13:45:00+00:00,2025-10-27,2025-10-27 13:45:00+00:00,2025-10-27 13:45:00+00:00,5785.787754,5771.516918,-0.002469579801,ok
2025-10-24,5,2025-10-24 13:45:00+00:00,2025-10-24 13:45:00+00:00,2025-10-31,2025-10-31 13:45:00+00:00,2025-10-31 13:45:00+00:00,5785.787754,5755.319439,-0.005279976239,ok
2025-10-27,1,2025-10-27 13:45:00+00:00,2025-10-27 13:45:00+00:00,2025-10-28,2025-10-28 13:45:00+00:00,2025-10-28 13:45:00+00:00,5771.516918,5748.162408,-0.004054720826,ok
2025-10-27,5,2025-10-27 13:45:00+00:00,2025-10-27 13:45:00+00:00,2025-11-03,2025-11-03 14:45:00+00:00,2025-11-03 14:45:00+00:00,5771.516918,5815.530645,0.007597092977,ok
2025-10-28,1,2025-10-28 13:45:00+00:00,2025-10-28 13:45:00+00:00,2025-10-29,2025-10-29 13:45:00+00:00,2025-10-29 13:45:00+00:00,5748.162408,5767.874925,0.003423493017,ok
2025-10-28,5,2025-10-28 13:45:00+00:00,2025-10-28 13:45:00+00:00,2025-11-04,2025-11-04 14:45:00+00:00,2025-11-04 14:45:00+00:00,5748.162408,5814.279084,0.01143658054,ok
2025-10-29,1,2025-10-29 13:45:00+00:00,2025-10-29 13:45:00+00:00,2025-10-30,2025-10-30 13:45:00+00:00,2025-10-30 13:45:00+00:00,5767.874925,5756.265068,-0.002014876756,ok
2025-10-29,5,2025-10-29 13:45:00+00:00,2025-10-29 13:45:00+00:00,2025-11-05,2025-11-05 14:45:00+00:00,2025-11-05 14:45:00+00:00,5767.874925,5801.012231,0.005728709429,ok
2025-10-30,1,2025-10-30 13:45:00+00:00,2025-10-30 13:45:00+00:00,2025-10-31,2025-10-31 13:45:00+00:00,2025-10-31 13:45:00+00:00,5756.265068,5755.319439,-0.000164291873,ok
2025-10-30,5,2025-10-30 13:45:00+00:00,2025-10-30 13:45:00+00:00,2025-11-06,2025-11-06 14:45:00+00:00,2025-11-06 14:45:00+00:00,5756.265068,5800.705768,0.00769075552,ok
2025-10-31,1,2025-10-31 13:45:00+00:00,2025-10-31 13:45:00+00:00,2025-11-03,2025-11-03 14:45:00+00:00,2025-11-03 14:45:00+00:00,5755.319439,5815.530645,0.01040748941,ok
2025-10-31,5,2025-10-31 13:45:00+00:00,2025-10-31 13:45:00+00:00,2025-11-07,2025-11-07 14:45:00+00:00,2025-11-07 14:45:00+00:00,5755.319439,5749.05499,-0.00108905509,ok
2025-11-03,1,2025-11-03 14:45:00+00:00,2025-11-03 14:45:00+00:00,2025-11-04,2025-11-04 14:45:00+00:00,2025-11-04 14:45:00+00:00,5815.530645,5814.279084,-0.0002152332651,ok
2025-11-03,5,2025-11-03 14:45:00+00:00,2025-11-03 14:45:00+00:00,2025-11-10,2025-11-10 14:45:00+00:00,2025-11-10 14:45:00+00:00,5815.530645,5694.200511,-0.02108383363,ok
2025-11-04,1,2025-11-04 14:45:00+00:00,2025-11-04 14:45:00+00:00,2025-11-05,2025-11-05 14:45:00+00:00,2025-11-05 14:45:00+00:00,5814.279084,5801.012231,-0.002284378091,ok
2025-11-04,5,2025-11-04 14:45:00+00:00,2025-11-04 14:45:00+00:00,2025-11-11,2025-11-11 14:45:00+00:00,2025-11-11 14:45:00+00:00,5814.279084,5683.185727,-0.02280486015,ok
2025-11-05,1,2025-11-05 14:45:00+00:00,2025-11-05 14:45:00+00:00,2025-11-06,2025-11-06 14:45:00+00:00,2025-11-06 14:45:00+00:00,5801.012231,5800.705768,-5.283066499e-05,ok
2025-11-05,5,2025-11-05 14:45:00+00:00,2025-11-05 14:45:00+00:00,2025-11-12,2025-11-12 14:45:00+00:00,2025-11-12 14:45:00+00:00,5801.012231,5688.41492,-0.01960078855,ok
2025-11-06,1,2025-11-06 14:45:00+00:00,2025-11-06 14:45:00+00:00,2025-11-07,2025-11-07 14:45:00+00:00,2025-11-07 14:45:00+00:00,5800.705768,5749.05499,-0.008944102484,ok
2025-11-06,5,2025-11-06 14:45:00+00:00,2025-11-06 14:45:00+00:00,2025-11-13,2025-11-13 14:45:00+00:00,2025-11-13 14:45:00+00:00,5800.705768,5661.563766,-0.02427945652,ok
2025-11-07,1,2025-11-07 14:45:00+00:00,2025-11-07 14:45:00+00:00,2025-11-10,2025-11-10 14:45:00+00:00,2025-11-10 14:45:00+00:00,5749.05499,5694.200511,-0.009587289122,ok
2025-11-07,5,2025-11-07 14:45:00+00:00,2025-11-07 14:45:00+00:00,2025-11-14,2025-11-14 14:45:00+00:00,2025-11-14 14:45:00+00:00,5749.05499,5669.720479,-0.01389567353,ok
2025-11-10,1,2025-11-10 14:45:00+00:00,2025-11-10 14:45:00+00:00,2025-11-11,2025-11-11 14:45:00+00:00,2025-11-11 14:45:00+00:00,5694.200511,5683.185727,-0.001936259785,ok
2025-11-10,5,2025-11-10 14:45:00+00:00,2025-11-10 14:45:00+00:00,2025-11-17,2025-11-17 14:45:00+00:00,2025-11-17 14:45:00+00:00,5694.200511,5662.012601,-0.005668790516,ok
2025-11-11,1,2025-11-11 14:45:00+00:00,2025-11-11 14:45:00+00:00,2025-11-12,2025-11-12 14:45:00+00:00,2025-11-12 14:45:00+00:00,5683.185727,5688.41492,0.00091969351,ok
2025-11-11,5,2025-11-11 14:45:00+00:00,2025-11-11 14:45:00+00:00,2025-11-18,2025-11-18 14:45:00+00:00,2025-11-18 14:45:00+00:00,5683.185727,5691.715419,0.001499739463,ok
2025-11-12,1,2025-11-12 14:45:00+00:00,2025-11-12 14:45:00+00:00,2025-11-13,2025-11-13 14:45:00+00:00,2025-11-13 14:45:00+00:00,5688.41492,5661.563766,-0.004731498638,ok
2025-11-12,5,2025-11-12 14:45:00+00:00,2025-11-12 14:45:00+00:00,2025-11-19,2025-11-19 14:45:00+00:00,2025-11-19 14:45:00+00:00,5688.41492,5644.894113,-0.00768019673,ok
2025-11-13,1,2025-11-13 14:45:00+00:00,2025-11-13 14:45:00+00:00,2025-11-14,2025-11-14 14:45:00+00:00,2025-11-14 14:45:00+00:00,5661.563766,5669.720479,0.00143968051,ok
2025-11-13,5,2025-11-13 14:45:00+00:00,2025-11-13 14:45:00+00:00,2025-11-20,2025-11-20 14:45:00+00:00,2025-11-20 14:45:00+00:00,5661.563766,,,sin precio final
2025-11-14,1,2025-11-14 14:45:00+00:00,2025-11-14 14:45:00+00:00,2025-11-17,2025-11-17 14:45:00+00:00,2025-11-17 14:45:00+00:00,5669.720479,5662.012601,-0.001360406112,ok
2025-11-14,5,2025-11-14 14:45:00+00:00,2025-11-14 14:45:00+00:00,2025-11-21,2025-11-21 14:45:00+00:00,2025-11-21 14:45:00+00:00,5669.720479,5658.895907,-0.001911014588,ok
2025-11-17,1,2025-11-17 14:45:00+00:00,2025-11-17 14:45:00+00:00,2025-11-18,2025-11-18 14:45:00+00:00,2025-11-18 14:45:00+00:00,5662.012601,5691.715419,0.005232270193,ok
2025-11-17,5,2025-11-17 14:45:00+00:00,2025-11-17 14:45:00+00:00,2025-11-24,2025-11-24 14:45:00+00:00,2025-11-24 14:45:00+00:00,5662.012601,5711.861724,0.008765604644,ok
2025-11-18,1,2025-11-18 14:45:00+00:00,2025-11-18 14:45:00+00:00,2025-11-19,2025-11-19 14:45:00+00:00,2025-11-19 14:45:00+00:00,5691.715419,5644.894113,-0.008260242682,ok
2025-11-18,5,2025-11-18 14:45:00+00:00,2025-11-18 14:45:00+00:00,2025-11-25,2025-11-25 14:45:00+00:00,2025-11-25 14:45:00+00:00,5691.715419,5716.321051,0.004313743222,ok
2025-11-19,1,2025-11-19 14:45:00+00:00,2025-11-19 14:45:00+00:00,2025-11-20,2025-11-20 14:45:00+00:00,2025-11-20 14:45:00+00:00,5644.894113,,,sin precio final
2025-11-19,5,2025-11-19 14:45:00+00:00,2025-11-19 14:45:00+00:00,2025-11-26,2025-11-26 14:45:00+00:00,2025-11-26 14:45:00+00:00,5644.894113,5709.318322,0.01134819361,ok
2025-11-20,1,2025-11-20 14:45:00+00:00,2025-11-20 14:45:00+00:00,2025-11-21,2025-11-21 14:45:00+00:00,2025-11-21 14:45:00+00:00,,5658.895907,,sin precio inicial
2025-11-20,5,2025-11-20 14:45:00+00:00,2025-11-20 14:45:00+00:00,2025-11-28,2025-11-28 14:45:00+00:00,2025-11-28 14:45:00+00:00,,5644.804129,,sin precio inicial
2025-11-21,1,2025-11-21 14:45:00+00:00,2025-11-21 14:45:00+00:00,2025-11-24,2025-11-24 14:45:00+00:00,2025-11-24 14:45:00+00:00,5658.895907,5711.861724,0.00931621312,ok
2025-11-21,5,2025-11-21 14:45:00+00:00,2025-11-21 14:45:00+00:00,2025-12-01,2025-12-01 14:45:00+00:00,2025-12-01 14:45:00+00:00,5658.895907,5527.190018,-0.02354925153,ok
2025-11-24,1,2025-11-24 14:45:00+00:00,2025-11-24 14:45:00+00:00,2025-11-25,2025-11-25 14:45:00+00:00,2025-11-25 14:45:00+00:00,5711.861724,5716.321051,0.0007804087709,ok
2025-11-24,5,2025-11-24 14:45:00+00:00,2025-11-24 14:45:00+00:00,2025-12-02,2025-12-02 14:45:00+00:00,2025-12-02 14:45:00+00:00,5711.861724,5432.673127,-0.05011371538,ok
2025-11-25,1,2025-11-25 14:45:00+00:00,2025-11-25 14:45:00+00:00,2025-11-26,2025-11-26 14:45:00+00:00,2025-11-26 14:45:00+00:00,5716.321051,5709.318322,-0.001225792298,ok
2025-11-25,5,2025-11-25 14:45:00+00:00,2025-11-25 14:45:00+00:00,2025-12-03,2025-12-03 14:45:00+00:00,2025-12-03 14:45:00+00:00,5716.321051,5382.18389,-0.06023120624,ok
2025-11-26,1,2025-11-26 14:45:00+00:00,2025-11-26 14:45:00+00:00,2025-11-28,2025-11-28 14:45:00+00:00,2025-11-28 14:45:00+00:00,5709.318322,5644.804129,-0.01136413435,ok
2025-11-26,5,2025-11-26 14:45:00+00:00,2025-11-26 14:45:00+00:00,2025-12-04,2025-12-04 14:45:00+00:00,2025-12-04 14:45:00+00:00,5709.318322,5389.610875,-0.05762644487,ok
2025-11-28,1,2025-11-28 14:45:00+00:00,2025-11-28 14:45:00+00:00,2025-12-01,2025-12-01 14:45:00+00:00,2025-12-01 14:45:00+00:00,5644.804129,5527.190018,-0.02105594678,ok
2025-11-28,5,2025-11-28 14:45:00+00:00,2025-11-28 14:45:00+00:00,2025-12-05,2025-12-05 14:45:00+00:00,2025-12-05 14:45:00+00:00,5644.804129,5463.516759,-0.03264282153,ok
2025-12-01,1,2025-12-01 14:45:00+00:00,2025-12-01 14:45:00+00:00,2025-12-02,2025-12-02 14:45:00+00:00,2025-12-02 14:45:00+00:00,5527.190018,5432.673127,-0.01724825073,ok
2025-12-01,5,2025-12-01 14:45:00+00:00,2025-12-01 14:45:00+00:00,2025-12-08,2025-12-08 14:45:00+00:00,2025-12-08 14:45:00+00:00,5527.190018,5459.491066,-0.01232397809,ok
2025-12-02,1,2025-12-02 14:45:00+00:00,2025-12-02 14:45:00+00:00,2025-12-03,2025-12-03 14:45:00+00:00,2025-12-03 14:45:00+00:00,5432.673127,5382.18389,-0.009337082085,ok
2025-12-02,5,2025-12-02 14:45:00+00:00,2025-12-02 14:45:00+00:00,2025-12-09,2025-12-09 14:45:00+00:00,2025-12-09 14:45:00+00:00,5432.673127,,,sin precio final
2025-12-03,1,2025-12-03 14:45:00+00:00,2025-12-03 14:45:00+00:00,2025-12-04,2025-12-04 14:45:00+00:00,2025-12-04 14:45:00+00:00,5382.18389,5389.610875,0.001378969066,ok
2025-12-03,5,2025-12-03 14:45:00+00:00,2025-12-03 14:45:00+00:00,2025-12-10,2025-12-10 14:45:00+00:00,2025-12-10 14:45:00+00:00,5382.18389,,,sin precio final
2025-12-04,1,2025-12-04 14:45:00+00:00,2025-12-04 14:45:00+00:00,2025-12-05,2025-12-05 14:45:00+00:00,2025-12-05 14:45:00+00:00,5389.610875,5463.516759,0.013619489,ok
2025-12-04,5,2025-12-04 14:45:00+00:00,2025-12-04 14:45:00+00:00,2025-12-11,2025-12-11 14:45:00+00:00,2025-12-11 14:45:00+00:00,5389.610875,,,sin precio final
2025-12-05,1,2025-12-05 14:45:00+00:00,2025-12-05 14:45:00+00:00,2025-12-08,2025-12-08 14:45:00+00:00,2025-12-08 14:45:00+00:00,5463.516759,5459.491066,-0.0007371033428,ok
2025-12-05,5,2025-12-05 14:45:00+00:00,2025-12-05 14:45:00+00:00,2025-12-12,2025-12-12 14:45:00+00:00,2025-12-12 14:45:00+00:00,5463.516759,,,sin precio final
2025-12-08,1,2025-12-08 14:45:00+00:00,2025-12-08 14:45:00+00:00,2025-12-09,2025-12-09 14:45:00+00:00,2025-12-09 14:45:00+00:00,5459.491066,,,sin precio final
2025-12-08,5,2025-12-08 14:45:00+00:00,2025-12-08 14:45:00+00:00,2025-12-15,2025-12-15 14:45:00+00:00,2025-12-15 14:45:00+00:00,5459.491066,,,sin precio final
