fecha,hora,estado_sesion,motivo_sesion,fuente_opciones,fuente_subyacente,tipo_precio_subyacente,segmento,vencimiento_1,dias_1,vencimiento_2,dias_2,spot,forward,forward_error,tasa_implicita,forward_menos_contractual,log_forward_spot,rr25_estado,rr25,rr25_inferior,rr25_superior,rr25_motivo,asim_log_estado,asim_log,asim_log_inferior,asim_log_superior,asim_log_motivo,paridad_pares,paridad_fuera_de_banda,paridad_interpretables,paridad_mediana_multiplo,filas,filas_validas,filas_solo_cota,exclusiones,ancho_ticks_mediano,edad_mediana_s,desfase_spot_s,n_alertas,alertas
2025-10-20,09:45,procesada,,sintetico/nbbo_intervalos_sintetico,sintetico/indice_sintetico,observado,sintetico/nbbo_intervalos_sintetico|piloto-0.2,2025-11-14,25.30208333,2025-11-21,32.30208333,5722.851629,5736.512744,0.03754980356,0.03881702957,-0.02981317716,0.002384272101,identificada,-0.05979515543,-0.06136085374,-0.05822927219,,identificada,-0.05564014985,-0.05725333932,-0.05402738082,,168,0,0,0.05199488777,336,336,0,,17.5,9.940913,0.896541,0,
2025-10-20,10:00,procesada,,sintetico/nbbo_intervalos_sintetico,sintetico/indice_sintetico,observado,sintetico/nbbo_intervalos_sintetico|piloto-0.2,2025-11-14,25.29166667,2025-11-21,32.29166667,5713.869563,5727.542157,0.0312267672,0.03888927709,0.007566789853,0.002390019754,identificada,-0.05991664358,-0.06148015674,-0.05835286101,,identificada,-0.0559368758,-0.05756346165,-0.05431081797,,168,0,0,0.05049710552,672,336,0,desfasada=336; reemplazada=332,17.75,9.54522475,0.816006,0,
2025-10-21,09:45,procesada,,sintetico/nbbo_intervalos_sintetico,sintetico/indice_sintetico,observado,sintetico/nbbo_intervalos_sintetico|piloto-0.2,2025-11-14,24.30208333,2025-11-21,31.30208333,5759.994948,5773.379071,0.03648555396,0.0422144525,0.03142123963,0.002320939025,identificada,-0.05836448,-0.05996883973,-0.0567598133,,identificada,-0.05462257062,-0.05620529775,-0.05304016918,,168,0,0,0.0537307196,336,336,0,,17.5,10.72610575,0.635754,0,
2025-10-21,10:00,procesada,,sintetico/nbbo_intervalos_sintetico,sintetico/indice_sintetico,observado,sintetico/nbbo_intervalos_sintetico|piloto-0.2,2025-11-14,24.29166667,2025-11-21,31.29166667,5737.352621,5750.634089,0.03796622439,0.04049935094,-0.01431400774,0.002312236912,identificada,-0.05880758412,-0.06034905338,-0.0572659669,,identificada,-0.05477771104,-0.05641716992,-0.05313873527,,168,0,0,0.0500428292,672,336,0,desfasada=336; reemplazada=328,17.75,9.85753075,0.053532,0,
2025-10-22,09:45,procesada,,sintetico/nbbo_intervalos_sintetico,sintetico/indice_sintetico,observado,sintetico/nbbo_intervalos_sintetico|piloto-0.2,2025-11-14,23.30208333,2025-11-21,30.30208333,5732.874429,5745.760174,0.03812405911,0.04043559783,0.02095679246,0.002245171328,identificada,-0.06117197251,-0.0627580203,-0.05958572722,,identificada,-0.05891692811,-0.06051231548,-0.05732199761,,169,0,0,0.06060012549,338,338,0,,16.75,9.92051475,0.660789,0,
2025-10-22,10:00,procesada,,sintetico/nbbo_intervalos_sintetico,sintetico/indice_sintetico,observado,sintetico/nbbo_intervalos_sintetico|piloto-0.2,2025-11-14,23.29166667,2025-11-21,30.29166667,5731.794658,5744.56006,0.04162332489,0.03785344368,-0.09253657679,0.002224644997,identificada,-0.06125536622,-0.0629089827,-0.0596015545,,identificada,-0.05866788521,-0.06024503896,-0.05709149718,,168,0,0,0.05467837655,674,336,0,desfasada=338; reemplazada=336,16.75,9.78782975,0.834305,0,
2025-10-23,09:45,procesada,,sintetico/nbbo_intervalos_sintetico,sintetico/indice_sintetico,observado,sintetico/nbbo_intervalos_sintetico|piloto-0.2,2025-11-21,29.30208333,2025-11-28,36.17708333,5804.179957,5816.859805,0.03867090719,0.04298137703,0.08534537439,0.002182223548,no identificada,,,,vencimiento a 29.3 días: ningún tramo de puts válidos cruza |delta| = 0.25,no identificada,,,,vencimiento a 29.3 días: sin strikes put válidos a menos de 0.02 de k = -0.0296,125,0,0,0.04464202672,340,295,0,desfasada=45,22.75,9.61126525,0.566039,0,
2025-10-23,10:00,procesada,,sintetico/nbbo_intervalos_sintetico,sintetico/indice_sintetico,observado,sintetico/nbbo_intervalos_sintetico|piloto-0.2,2025-11-21,29.29166667,2025-11-28,36.16666667,5811.686866,5824.312757,0.03116383595,0.04073231906,0.01958735388,0.00217014386,identificada,-0.06278148485,-0.06429183575,-0.06127057386,,identificada,-0.06233546543,-0.06394416884,-0.06072782667,,170,0,0,0.05279450025,680,340,0,desfasada=340; reemplazada=336,17.75,9.659318,0.044752,0,
2025-10-24,09:45,procesada,,sintetico/nbbo_intervalos_sintetico,sintetico/indice_sintetico,observado,sintetico/nbbo_intervalos_sintetico|piloto-0.2,2025-11-21,28.30208333,2025-11-28,35.17708333,5785.787754,5797.919797,0.03223089531,0.04166080778,0.006352428573,0.002094674407,identificada,-0.05665128657,-0.05820637568,-0.0550961531,,identificada,-0.05499826887,-0.05657775227,-0.05341947613,,170,0,0,0.05577178613,340,340,0,,18,10.09980225,0.784899,0,
2025-10-24,10:00,procesada,,sintetico/nbbo_intervalos_sintetico,sintetico/indice_sintetico,observado,sintetico/nbbo_intervalos_sintetico|piloto-0.2,2025-11-21,28.29166667,2025-11-28,35.16666667,5781.739473,5793.832831,0.02882664662,0.04183378293,-0.01938423852,0.002089462557,identificada,-0.05678193312,-0.05834023782,-0.05522346929,,identificada,-0.05514366999,-0.05665841621,-0.05362919678,,170,0,0,0.05480897391,680,340,0,desfasada=340; reemplazada=340,17.75,11.022931,0.838565,0,
2025-10-27,09:45,procesada,,sintetico/nbbo_intervalos_sintetico,sintetico/indice_sintetico,observado,sintetico/nbbo_intervalos_sintetico|piloto-0.2,2025-11-21,25.30208333,2025-11-28,32.17708333,5771.516918,5785.223235,0.03418964215,0.03835360078,-0.04753972089,0.002372005197,identificada,-0.05726816503,-0.05876172961,-0.05577449068,,identificada,-0.05744315629,-0.05893126132,-0.05595578071,,169,0,0,0.05182764167,338,338,0,,16.5,10.5210005,0.403473,0,
2025-10-27,10:00,procesada,,sintetico/nbbo_intervalos_sintetico,sintetico/indice_sintetico,observado,sintetico/nbbo_intervalos_sintetico|piloto-0.2,2025-11-21,25.29166667,2025-11-28,32.16666667,5787.69869,5801.467509,0.03380625465,0.03874687893,-0.01912995374,0.002376154627,identificada,-0.05708278993,-0.05859677849,-0.05556865704,,identificada,-0.05746862208,-0.05893815436,-0.05599961597,,170,0,0,0.054900842,678,340,0,desfasada=338; reemplazada=334,17,10.299027,0.06922,0,
2025-10-28,09:45,procesada,,sintetico/nbbo_intervalos_sintetico,sintetico/indice_sintetico,observado,sintetico/nbbo_intervalos_sintetico|piloto-0.2,2025-11-21,24.30208333,2025-11-28,31.17708333,5748.162408,5761.491464,0.03948240533,0.04182071778,0.05705813489,0.002316153411,identificada,-0.05849293317,-0.06002128073,-0.05696460088,,identificada,-0.05623434166,-0.05780360768,-0.05466535339,,168,0,0,0.05294623801,336,336,0,,17,10.65688725,0.115419,0,
2025-10-28,10:00,procesada,,sintetico/nbbo_intervalos_sintetico,sintetico/indice_sintetico,observado,sintetico/nbbo_intervalos_sintetico|piloto-0.2,2025-11-21,24.29166667,2025-11-28,31.16666667,5744.792333,5758.055705,0.03405925062,0.04104184386,0.00359268757,0.002306103393,identificada,-0.05864922975,-0.06020060313,-0.0570976632,,identificada,-0.0560399501,-0.05753595873,-0.05454443115,,169,0,0,0.05297723124,674,338,0,desfasada=336; reemplazada=336,17,10.0265835,0.694079,0,
2025-10-29,09:45,procesada,,sintetico/nbbo_intervalos_sintetico,sintetico/indice_sintetico,observado,sintetico/nbbo_intervalos_sintetico|piloto-0.2,2025-11-21,23.30208333,2025-11-28,30.17708333,5767.874925,5780.733949,0.04360290438,0.0416432087,-0.03085465406,0.002226939914,identificada,-0.06332459219,-0.06493995479,-0.06170891787,,identificada,-0.0601816349,-0.06178193995,-0.05858175949,,169,0,0,0.06177468753,338,338,0,,17,,0.807435,2,2025-11-21: edad de cotización desconocida en 170 de 170 filas: el control de desfase no se aplicó | 2025-11-28: edad de cotización desconocida en 168 de 168 filas: el control de desfase no se aplicó
2025-10-29,10:00,procesada,,sintetico/nbbo_intervalos_sintetico,sintetico/indice_sintetico,observado,sintetico/nbbo_intervalos_sintetico|piloto-0.2,2025-11-21,23.29166667,2025-11-28,30.16666667,5766.514213,5779.457247,0.03929221572,0.04112616606,0.06065018123,0.002242001001,identificada,-0.06333700597,-0.06490037826,-0.0617735313,,identificada,-0.06049303244,-0.06201537788,-0.05897135493,,170,0,0,0.06097167354,678,340,0,reemplazada=338,17,10.415785,0.581452,2,2025-11-21: edad de cotización desconocida en 170 de 340 filas: el control de desfase no se aplicó | 2025-11-28: edad de cotización desconocida en 168 de 338 filas: el control de desfase no se aplicó
2025-10-30,09:45,procesada,,sintetico/nbbo_intervalos_sintetico,sintetico/indice_sintetico,observado,sintetico/nbbo_intervalos_sintetico|piloto-0.2,2025-11-28,29.17708333,2025-12-05,36.30208333,5756.265068,5768.681408,0.03394849933,0.04131184374,-0.02085132131,0.002154690228,identificada,-0.05955917878,-0.06109903881,-0.05801919243,,identificada,-0.05647516408,-0.05802360075,-0.05492725141,,169,0,0,0.05060734549,338,338,0,,18.25,10.104501,0.307835,0,
2025-10-30,10:00,procesada,,sintetico/nbbo_intervalos_sintetico,sintetico/indice_sintetico,observado,sintetico/nbbo_intervalos_sintetico|piloto-0.2,2025-11-28,29.16666667,2025-12-05,36.29166667,5743.755996,5756.129057,0.04332311122,0.03868581024,-0.03266748296,0.002151859011,identificada,-0.05947963545,-0.06111848894,-0.05784061698,,identificada,-0.05651996541,-0.05809272173,-0.05494784466,,169,0,0,0.06059348117,676,338,0,desfasada=338; reemplazada=334,18.25,9.93802475,0.267019,0,
2025-10-31,09:45,procesada,,sintetico/nbbo_intervalos_sintetico,sintetico/indice_sintetico,observado,sintetico/nbbo_intervalos_sintetico|piloto-0.2,2025-11-28,28.17708333,2025-12-05,35.30208333,5755.319439,5767.389122,0.0342884677,0.04007242497,0.061175824,0.002094939444,identificada,-0.05479818628,-0.05627152471,-0.05332500964,,identificada,-0.05707240703,-0.0585217058,-0.05562412058,,169,0,0,0.05715306555,338,338,0,,16.75,10.1288765,0.227368,0,
2025-10-31,10:00,procesada,,sintetico/nbbo_intervalos_sintetico,sintetico/indice_sintetico,observado,sintetico/nbbo_intervalos_sintetico|piloto-0.2,2025-11-28,28.16666667,2025-12-05,35.29166667,5750.835517,5762.801447,0.03033576062,0.04171650237,-0.02878155348,0.002078567288,identificada,-0.05481754802,-0.05619236676,-0.05344259278,,identificada,-0.05727132041,-0.05869213917,-0.05585165445,,169,0,0,0.04915046456,676,338,0,desfasada=338; reemplazada=336,16.75,9.6565275,0.673162,0,
2025-11-03,09:45,procesada,,sintetico/nbbo_intervalos_sintetico,sintetico/indice_sintetico,observado,sintetico/nbbo_intervalos_sintetico|piloto-0.2,2025-11-28,25.13541667,2025-12-05,32.26041667,5815.530645,5829.416699,0.02603041915,0.03932955661,-0.008625540058,0.00238490733,identificada,-0.04982001039,-0.051142626,-0.04849724512,,identificada,-0.06071836669,-0.06202581316,-0.05941405433,,169,0,0,0.05623165439,340,339,0,spread_ancho=1,14.5,10.55186775,0.373708,0,
2025-11-03,10:00,procesada,,sintetico/nbbo_intervalos_sintetico,sintetico/indice_sintetico,observado,sintetico/nbbo_intervalos_sintetico|piloto-0.2,2025-11-28,25.125,2025-12-05,32.25,5821.26146,5835.185929,0.02916887906,0.0418110434,0.02059331952,0.002389145607,identificada,-0.0500467876,-0.05140747563,-0.04868582629,,identificada,-0.06077519179,-0.06208292155,-0.05946974454,,170,0,0,0.05701979943,684,342,0,desfasada=340; reemplazada=340; spread_ancho=3,14.5,10.09097625,0.52333,0,
2025-11-04,09:45,procesada,,sintetico/nbbo_intervalos_sintetico,sintetico/indice_sintetico,observado,sintetico/nbbo_intervalos_sintetico|piloto-0.2,2025-11-28,24.13541667,2025-12-05,31.26041667,5814.279084,5827.732572,0.03469067748,0.04008390981,-0.007091576063,0.002311197517,identificada,-0.04259229366,-0.04374324005,-0.04144103797,,identificada,-0.05852411363,-0.05968925023,-0.05736414167,,162,0,0,0.05552341998,340,332,3,sin_bid=3; spread_ancho=5,13,11.1561935,0.154537,0,
2025-11-04,10:00,procesada,,sintetico/nbbo_intervalos_sintetico,sintetico/indice_sintetico,observado,sintetico/nbbo_intervalos_sintetico|piloto-0.2,2025-11-28,24.125,2025-12-05,31.25,5819.354206,5832.819489,0.02892911837,0.04110059044,-0.002551297458,0.002311206432,identificada,-0.0427462135,-0.04398021428,-0.04151179817,,identificada,-0.05858677081,-0.05976901088,-0.0574104044,,164,0,0,0.04927028843,682,335,2,desfasada=340; reemplazada=340; sin_bid=5; spread_ancho=10,13.5,9.95530375,0.936237,0,
2025-11-05,09:45,procesada,,sintetico/nbbo_intervalos_sintetico,sintetico/indice_sintetico,observado,sintetico/nbbo_intervalos_sintetico|piloto-0.2,2025-11-28,23.13541667,2025-12-05,30.26041667,5801.012231,5813.951914,0.06085389298,0.03737528475,-0.06008985331,0.002228106377,no identificada,,,,vencimiento a 23.1 días: ningún tramo de calls válidos cruza |delta| = 0.25,no identificada,,,,vencimiento a 23.1 días: sin strikes call válidos a menos de 0.02 de k = +0.0296,117,0,0,0.06422973421,287,287,0,,16.75,10.13219825,0.385369,0,
2025-11-05,10:00,procesada,,sintetico/nbbo_intervalos_sintetico,sintetico/indice_sintetico,observado,sintetico/nbbo_intervalos_sintetico|piloto-0.2,2025-11-28,23.125,2025-12-05,30.25,5808.451999,5821.447971,0.02796112652,0.03703555426,-0.01598698606,0.002234925015,identificada,-0.03811903694,-0.03927702396,-0.03696091172,,identificada,-0.05454467192,-0.05580348304,-0.05329487686,,160,0,0,0.0560448937,627,330,4,desfasada=287; reemplazada=285; sin_bid=4; spread_ancho=6,12,10.60534,0.161701,0,
2025-11-06,09:45,procesada,,sintetico/nbbo_intervalos_sintetico,sintetico/indice_sintetico,observado,sintetico/nbbo_intervalos_sintetico|piloto-0.2,2025-12-05,29.26041667,2025-12-12,36.26041667,5800.705768,5813.281218,0.02731343311,0.03998883053,0.006403262935,0.002165570667,identificada,-0.04268151403,-0.04400447531,-0.04135841297,,identificada,-0.05626222408,-0.05749247729,-0.05503504816,,169,0,0,0.0555775241,340,339,0,spread_ancho=1,13.5,10.2931495,0.086967,0,
2025-11-06,10:00,procesada,,sintetico/nbbo_intervalos_sintetico,sintetico/indice_sintetico,observado,sintetico/nbbo_intervalos_sintetico|piloto-0.2,2025-12-05,29.25,2025-12-12,36.25,5805.293571,5817.882459,0.03041712598,0.04228937203,0.01438371651,0.002166170962,identificada,-0.0427193413,-0.04388017,-0.04155829484,,identificada,-0.05622540131,-0.05743985346,-0.05501392266,,170,0,0,0.05179929787,680,340,0,desfasada=340; reemplazada=340; spread_ancho=1,13.75,9.710615,0.41557,0,
2025-11-07,09:45,procesada,,sintetico/nbbo_intervalos_sintetico,sintetico/indice_sintetico,observado,sintetico/nbbo_intervalos_sintetico|piloto-0.2,2025-12-05,28.26041667,2025-12-12,35.26041667,5749.05499,5761.091337,0.02587133924,0.04254672675,0.005395947013,0.002091433195,identificada,-0.03524716737,-0.03633181993,-0.03416259656,,identificada,-0.05467652669,-0.05588220521,-0.05348504076,,157,0,0,0.05801534832,336,325,5,sin_bid=5; spread_ancho=6,12.25,10.33565875,0.748333,0,
2025-11-07,10:00,procesada,,sintetico/nbbo_intervalos_sintetico,sintetico/indice_sintetico,observado,sintetico/nbbo_intervalos_sintetico|piloto-0.2,2025-12-05,28.25,2025-12-12,35.25,5751.271474,5763.271247,0.02342538884,0.03733336879,-0.03137507096,0.002084282073,identificada,-0.03520185177,-0.03623316067,-0.03417029872,,identificada,-0.0548099787,-0.05605785193,-0.05357828619,,157,0,0,0.04965583276,674,326,5,desfasada=336; reemplazada=336; sin_bid=10; spread_ancho=13,12.5,9.841545,0.837329,0,
2025-11-10,09:45,procesada,,sintetico/nbbo_intervalos_sintetico,sintetico/indice_sintetico,observado,sintetico/nbbo_intervalos_sintetico|piloto-0.2,2025-12-05,25.26041667,2025-12-12,32.26041667,5694.200511,5707.771079,0.03736600806,0.03875633963,-0.03422499709,0.002380390794,identificada,-0.03836952284,-0.03949780859,-0.03724108156,,identificada,-0.05467437354,-0.05588125608,-0.05347491805,,160,0,0,0.05932694947,334,327,2,sin_bid=2; spread_ancho=5,12.5,9.64505225,0.196142,0,
2025-11-10,10:00,procesada,,sintetico/nbbo_intervalos_sintetico,sintetico/indice_sintetico,observado,sintetico/nbbo_intervalos_sintetico|piloto-0.2,2025-12-05,25.25,2025-12-12,32.25,5679.912274,5693.465985,0.028772206,0.03941293585,-0.0125568725,0.002383410953,identificada,-0.03852072425,-0.03972128935,-0.03732034723,,identificada,-0.05456865823,-0.05575610707,-0.05338762704,,159,0,0,0.05513920519,668,326,3,desfasada=334; reemplazada=328; sin_bid=5; spread_ancho=10,12.25,10.3315225,0.012999,0,
2025-11-11,09:45,procesada,,sintetico/nbbo_intervalos_sintetico,sintetico/indice_sintetico,observado,sintetico/nbbo_intervalos_sintetico|piloto-0.2,2025-12-05,24.26041667,2025-12-12,31.26041667,5683.185727,5696.326588,0.0244586322,0.04091665821,-0.01622549482,0.002309565974,identificada,-0.03494021492,-0.03603012412,-0.03385030946,,identificada,-0.05467535552,-0.05596275422,-0.05340300867,,152,0,0,0.04958918041,332,318,9,sin_bid=9; spread_ancho=5,12,10.9117945,0.959005,0,
2025-11-11,10:00,procesada,,sintetico/nbbo_intervalos_sintetico,sintetico/indice_sintetico,observado,sintetico/nbbo_intervalos_sintetico|piloto-0.2,2025-12-05,24.25,2025-12-12,31.25,5677.466046,5690.556392,0.03039729066,0.03724997878,-0.04911394241,0.002303013092,identificada,-0.0352898537,-0.03642809747,-0.03415133003,,identificada,-0.05442006635,-0.05564966244,-0.05320287977,,153,0,0,0.04798892576,666,320,9,desfasada=332; reemplazada=330; sin_bid=18; spread_ancho=10,12,9.87719725,0.206024,0,
2025-11-12,09:45,procesada,,sintetico/nbbo_intervalos_sintetico,sintetico/indice_sintetico,observado,sintetico/nbbo_intervalos_sintetico|piloto-0.2,2025-12-05,23.26041667,2025-12-12,30.26041667,5688.41492,5701.217247,0.157821529,0.03209530706,0.05487945999,0.002248067747,identificada,-0.03614314666,-0.04081019423,-0.03146930751,,no identificada,,,,vencimiento a 23.3 días: sin strikes call válidos a menos de 0.02 de k = +0.0296,136,0,0,0.05774083355,336,304,19,sin_bid=19; spread_ancho=13,64.75,9.89873925,0.742063,0,
2025-11-12,10:00,procesada,,sintetico/nbbo_intervalos_sintetico,sintetico/indice_sintetico,observado,sintetico/nbbo_intervalos_sintetico|piloto-0.2,2025-12-05,23.25,2025-12-12,30.25,5702.630291,5715.420769,0.02683354421,0.04142302016,0.0155792908,0.002240397071,identificada,-0.036290907,-0.03741329946,-0.03516838656,,identificada,-0.05708601357,-0.05839277442,-0.05579624497,,149,0,0,0.05078447474,670,316,12,desfasada=336; reemplazada=330; sin_bid=31; spread_ancho=19,12,9.6433845,0.313621,0,
2025-11-13,09:45,procesada,,sintetico/nbbo_intervalos_sintetico,sintetico/indice_sintetico,observado,sintetico/nbbo_intervalos_sintetico|piloto-0.2,2025-12-12,29.26041667,2025-12-19,36.26041667,5661.563766,5673.867363,0.03371248392,0.0383084965,0.03604483268,0.002170821979,identificada,-0.0477902286,-0.04906874594,-0.0465113223,,identificada,-0.06278747476,-0.06402505894,-0.06155387604,,163,0,0,0.06066127023,332,329,0,spread_ancho=3,14.25,10.75346725,0.955328,0,
2025-11-13,10:00,procesada,,sintetico/nbbo_intervalos_sintetico,sintetico/indice_sintetico,observado,sintetico/nbbo_intervalos_sintetico|piloto-0.2,2025-12-12,29.25,2025-12-19,36.25,5656.624416,5668.895692,0.03324411298,0.04010069283,0.01879437404,0.002167013986,identificada,-0.0477621436,-0.04894274836,-0.04658131454,,identificada,-0.0629220678,-0.0641979347,-0.0616505224,,164,0,0,0.0514758261,664,330,0,desfasada=332; reemplazada=330; spread_ancho=5,13.75,9.3429415,0.519723,0,
2025-11-14,09:45,procesada,,sintetico/nbbo_intervalos_sintetico,sintetico/indice_sintetico,observado,sintetico/nbbo_intervalos_sintetico|piloto-0.2,2025-12-12,28.26041667,2025-12-19,35.26041667,5669.720479,5681.603259,0.04134431046,0.04036597553,0.01785123174,0.002093638516,identificada,-0.04667184582,-0.04802236292,-0.04532115726,,identificada,-0.05682394171,-0.05803274815,-0.05561664782,,166,0,0,0.06059625472,332,332,0,,14,10.3315665,0.827827,0,
2025-11-14,10:00,procesada,,sintetico/nbbo_intervalos_sintetico,sintetico/indice_sintetico,observado,sintetico/nbbo_intervalos_sintetico|piloto-0.2,2025-12-12,28.25,2025-12-19,35.25,5673.860965,5685.733508,0.03429210926,0.03925152532,0.003330547652,0.0020903118,identificada,-0.04657271651,-0.04785221426,-0.04529335613,,identificada,-0.05674376073,-0.05804827367,-0.05544237277,,167,0,0,0.04707818884,666,334,0,desfasada=332; reemplazada=332,14.25,10.101548,0.501162,0,
2025-11-17,09:45,procesada,,sintetico/nbbo_intervalos_sintetico,sintetico/indice_sintetico,observado,sintetico/nbbo_intervalos_sintetico|piloto-0.2,2025-12-12,25.26041667,2025-12-19,32.26041667,5662.012601,5675.564408,0.03017729051,0.0381904367,0.02391885643,0.002390601353,identificada,-0.04611606814,-0.04742932061,-0.04480270703,,identificada,-0.05638532141,-0.05771938964,-0.05505412985,,166,0,0,0.0493393993,332,332,0,,13.75,8.99250725,0.819507,0,
2025-11-17,10:00,procesada,,sintetico/nbbo_intervalos_sintetico,sintetico/indice_sintetico,observado,sintetico/nbbo_intervalos_sintetico|piloto-0.2,2025-12-12,25.25,2025-12-19,32.25,5660.300511,5673.823562,0.03006742756,0.03907318511,0.003625999925,0.002386255514,identificada,-0.0458915896,-0.04720797732,-0.04457508063,,identificada,-0.05655173529,-0.05783009451,-0.05527575386,,166,0,0,0.05580850826,664,332,0,desfasada=332; reemplazada=332,13.5,10.51195425,0.817177,0,
2025-11-18,09:45,procesada,,sintetico/nbbo_intervalos_sintetico,sintetico/indice_sintetico,observado,sintetico/nbbo_intervalos_sintetico|piloto-0.2,2025-12-12,24.26041667,2025-12-19,31.26041667,5691.715419,5704.914455,0.02738090921,0.04174240227,0.02220194998,0.002316306115,identificada,-0.04852061486,-0.04986216493,-0.04717895673,,identificada,-0.05628434128,-0.05759061827,-0.05497964738,,167,0,0,0.052108088,334,334,0,,14,9.715827,30,2,2025-12-12: subyacente desfasado 30 s respecto del corte | 2025-12-19: subyacente desfasado 30 s respecto del corte
2025-11-18,10:00,procesada,,sintetico/nbbo_intervalos_sintetico,sintetico/indice_sintetico,observado,sintetico/nbbo_intervalos_sintetico|piloto-0.2,2025-12-12,24.25,2025-12-19,31.25,5696.337083,5709.531048,0.02942214162,0.04045012305,0.01083105413,0.00231354085,identificada,-0.0484295013,-0.0497785912,-0.04708029037,,identificada,-0.05609513752,-0.05738358192,-0.05480820268,,167,0,0,0.05266713923,668,334,0,desfasada=334; reemplazada=332,14.25,9.68107375,0.266906,0,
2025-11-19,09:45,procesada,,sintetico/nbbo_intervalos_sintetico,sintetico/indice_sintetico,observado,sintetico/nbbo_intervalos_sintetico|piloto-0.2,2025-12-12,23.26041667,2025-12-19,30.26041667,5644.894113,5657.527342,0.03180981859,0.03822776705,-0.01669037938,0.002235491666,identificada,-0.04392774184,-0.04518468696,-0.04267027785,,identificada,-0.05443724343,-0.05562280261,-0.05325326597,,165,0,0,0.05444368094,332,331,0,spread_ancho=1,13.25,10.07110275,0.068532,0,
2025-11-19,10:00,procesada,,sintetico/nbbo_intervalos_sintetico,sintetico/indice_sintetico,observado,sintetico/nbbo_intervalos_sintetico|piloto-0.2,2025-12-12,23.25,2025-12-19,30.25,5644.249669,5656.950143,0.02888304878,0.04360888996,0.05635765018,0.002247633833,identificada,-0.04388163713,-0.04523885577,-0.042524247,,identificada,-0.05446396493,-0.05577828359,-0.05315280588,,165,0,0,0.05938248531,664,331,0,desfasada=332; reemplazada=332; spread_ancho=2,13,10.173405,0.737187,0,
2025-11-20,09:45,no disponible,sin precio de SPX al corte de 2025-11-20,sintetico/nbbo_intervalos_sintetico,,,sintetico/nbbo_intervalos_sintetico|piloto-0.2,,,,,,,,,,,no identificada,,,,,no identificada,,,,,0,0,0,,0,0,0,,,,,0,
2025-11-20,10:00,procesada,,sintetico/nbbo_intervalos_sintetico,sintetico/indice_sintetico,observado,sintetico/nbbo_intervalos_sintetico|piloto-0.2,2025-12-19,29.25,2025-12-26,36.25,5635.953774,5648.160745,0.03404679061,0.04042325823,-0.0007372808923,0.002163568095,identificada,-0.05863441001,-0.06003503538,-0.05723367021,,identificada,-0.06309754476,-0.06457227519,-0.06162450023,,165,0,0,0.05142642923,662,330,0,desfasada=332; reemplazada=328,16,9.79872825,0.372197,0,
2025-11-21,09:45,procesada,,sintetico/nbbo_intervalos_sintetico,sintetico/indice_sintetico,observado,sintetico/nbbo_intervalos_sintetico|piloto-0.2,2025-12-19,28.26041667,2025-12-26,35.26041667,5658.895907,5670.725986,0.03300646567,0.03814302255,-0.01219671581,0.002088345757,identificada,-0.06274255527,-0.06432010079,-0.06116496636,,identificada,-0.06151042123,-0.06299880984,-0.06002256261,,166,0,0,0.06048612972,332,332,0,,17.25,9.28959075,0.047287,0,
2025-11-21,10:00,procesada,,sintetico/nbbo_intervalos_sintetico,sintetico/indice_sintetico,observado,sintetico/nbbo_intervalos_sintetico|piloto-0.2,2025-12-19,28.25,2025-12-26,35.25,5649.732463,5661.516613,0.03557341527,0.04083219028,-0.03458832069,0.002083616672,identificada,-0.06278510067,-0.06437401067,-0.06119606261,,identificada,-0.06189966083,-0.06342181628,-0.06037795332,,166,0,0,0.05522345507,664,332,0,desfasada=332; reemplazada=328,17.25,10.77714825,0.785472,0,
2025-11-24,09:45,procesada,,sintetico/nbbo_intervalos_sintetico,sintetico/indice_sintetico,observado,sintetico/nbbo_intervalos_sintetico|piloto-0.2,2025-12-19,25.26041667,2025-12-26,32.26041667,5711.861724,5725.534144,0.03658850697,0.04038504106,0.02542970383,0.002390828451,identificada,-0.05074364588,-0.05221992228,-0.0492669974,,identificada,-0.05116735289,-0.0526539352,-0.04968146972,,167,0,0,0.05592560325,334,334,0,,16,9.62847475,0.48015,0,
2025-11-24,10:00,procesada,,sintetico/nbbo_intervalos_sintetico,sintetico/indice_sintetico,observado,sintetico/nbbo_intervalos_sintetico|piloto-0.2,2025-12-19,25.25,2025-12-26,32.25,5713.851448,5727.475123,0.03168312823,0.03542888134,-0.02365569212,0.002381486234,identificada,-0.05066113134,-0.05216316027,-0.04915902025,,identificada,-0.0510172579,-0.05253063061,-0.04950451288,,168,0,0,0.05405016729,670,336,0,desfasada=334; reemplazada=334,16.25,10.295724,0.931293,0,
2025-11-25,09:45,procesada,,sintetico/nbbo_intervalos_sintetico,sintetico/indice_sintetico,observado,sintetico/nbbo_intervalos_sintetico|piloto-0.2,2025-12-19,24.26041667,2025-12-26,31.26041667,5716.321051,5729.537575,0.03541430237,0.03884970693,-0.01727390117,0.002309399502,identificada,-0.06087974691,-0.06243783166,-0.05932148667,,identificada,-0.05809622947,-0.05966835135,-0.05652445225,,168,0,0,0.05829002443,336,336,0,,17.25,10.49355775,0.189844,0,
2025-11-25,10:00,procesada,,sintetico/nbbo_intervalos_sintetico,sintetico/indice_sintetico,observado,sintetico/nbbo_intervalos_sintetico|piloto-0.2,2025-12-19,24.25,2025-12-26,31.25,5709.752141,5722.979291,0.03369155173,0.03956864674,0.01296925015,0.002313910009,identificada,-0.06122681347,-0.06282700258,-0.05962642199,,identificada,-0.05818338655,-0.05976295568,-0.05660414891,,168,0,0,0.05635784534,672,336,0,desfasada=336; reemplazada=332,17,10.3156795,0.079063,0,
2025-11-26,09:45,procesada,,sintetico/nbbo_intervalos_sintetico,sintetico/indice_sintetico,observado,sintetico/nbbo_intervalos_sintetico|piloto-0.2,2025-12-19,23.26041667,2025-12-26,30.26041667,5709.318322,5722.087533,0.03593342056,0.03794026803,-0.02507952683,0.002234058857,identificada,-0.0586114526,-0.06026659055,-0.05695605772,,identificada,-0.05487197645,-0.056494707,-0.05324986326,,168,0,0,0.05266310855,336,336,0,,17,10.269224,0.164341,0,
2025-11-26,10:00,procesada,,sintetico/nbbo_intervalos_sintetico,sintetico/indice_sintetico,observado,sintetico/nbbo_intervalos_sintetico|piloto-0.2,2025-12-19,23.25,2025-12-26,30.25,5686.993413,5699.75635,0.04162216128,0.0395527929,0.02306780713,0.002241718398,identificada,-0.058186079,-0.05972811861,-0.05664405435,,identificada,-0.0550820784,-0.05675061791,-0.05341433324,,167,0,0,0.07033870059,670,334,0,desfasada=336; reemplazada=326,17,10.93433325,0.234183,0,
2025-11-28,09:45,procesada,,sintetico/nbbo_intervalos_sintetico,sintetico/indice_sintetico,observado,sintetico/nbbo_intervalos_sintetico|piloto-0.2,2025-12-26,28.26041667,2026-01-02,35.26041667,5644.804129,5656.628408,0.02659541403,0.03944116938,0.01149180157,0.002092528141,identificada,-0.05497485883,-0.05656686593,-0.05338278967,,identificada,-0.05242749002,-0.05402418683,-0.05083126458,,165,0,0,0.05285593275,330,330,0,,17.75,9.2975265,0.481083,0,
2025-11-28,10:00,procesada,,sintetico/nbbo_intervalos_sintetico,sintetico/indice_sintetico,observado,sintetico/nbbo_intervalos_sintetico|piloto-0.2,2025-12-26,28.25,2026-01-02,35.25,5648.769752,5660.568297,0.03481494255,0.04052452433,-0.01817935581,0.002086514455,identificada,-0.05510708947,-0.05669586677,-0.05351815512,,identificada,-0.0521609853,-0.05372274918,-0.05059974688,,166,0,0,0.0546316577,662,332,0,desfasada=330; reemplazada=328,17.75,10.02715525,0.861492,0,
2025-12-01,09:45,procesada,,sintetico/nbbo_intervalos_sintetico,sintetico/indice_sintetico,observado,sintetico/nbbo_intervalos_sintetico|piloto-0.2,2025-12-26,25.26041667,2026-01-02,32.26041667,5527.190018,5540.391525,0.03810392188,0.04177515684,-0.004257311482,0.002385618573,identificada,-0.05286692339,-0.05443752347,-0.05129620325,,identificada,-0.04994081408,-0.05148849043,-0.04839362681,,162,0,0,0.04917375423,324,324,0,,17,9.9306735,0.555468,0,
2025-12-01,10:00,procesada,,sintetico/nbbo_intervalos_sintetico,sintetico/indice_sintetico,observado,sintetico/nbbo_intervalos_sintetico|piloto-0.2,2025-12-26,25.25,2026-01-02,32.25,5536.237111,5549.505992,0.02989983654,0.04144239808,0.04577580231,0.002393865099,identificada,-0.05278872373,-0.05439417811,-0.05118338593,,identificada,-0.0499615405,-0.05148778113,-0.04843568566,,163,0,0,0.0544989147,650,326,0,desfasada=324; reemplazada=322,16.25,9.93823925,0.980178,0,
