fecha,hora,estado_sesion,motivo_sesion,fuente_opciones,fuente_referencia,tipo_precio_referencia,fuente_objetivo,tipo_precio_objetivo,segmento,vencimiento_1,dias_1,vencimiento_2,dias_2,spot,forward,forward_error,tasa_implicita,forward_menos_contractual,log_forward_spot,rr25_estado,rr25,rr25_inferior,rr25_superior,rr25_motivo,cambio_rr25,cambio_rr25_inferior,cambio_rr25_superior,cambio_rr25_motivo,asim_log_estado,asim_log,asim_log_inferior,asim_log_superior,asim_log_motivo,cambio_asim_log,paridad_pares,paridad_fuera_de_banda,paridad_interpretables,paridad_mediana_multiplo,filas,filas_validas,filas_solo_cota,exclusiones,ancho_ticks_mediano,edad_mediana_s,desfase_spot_s,n_alertas,alertas,rr25_secundaria,dif_rr25_secundaria,dias_naturales_desde_anterior,retorno_previo_referencia,ret_1_objetivo,ret_precio_1_objetivo,div_1_objetivo,estado_div_1_objetivo,version_1_objetivo,estado_ret_1_objetivo,ret_5_objetivo,ret_precio_5_objetivo,div_5_objetivo,estado_div_5_objetivo,version_5_objetivo,estado_ret_5_objetivo,ret_1_referencia,estado_ret_1_referencia,ret_5_referencia,estado_ret_5_referencia
2025-10-20,09:45,procesada,,sintetico/nbbo_intervalos_sintetico,sintetico/indice_sintetico,observado,sintetico/sip_sintetico,observado,sintetico/nbbo_intervalos_sintetico|piloto-0.3,2025-11-14,25.30208333,2025-11-21,32.30208333,5722.851629,5736.512744,0.03754980356,0.03881702957,-0.02981317716,0.002384272101,identificada,-0.05979515543,-0.06136085374,-0.05822927219,,,,,sesión anterior fuera de la muestra,identificada,-0.05564014985,-0.05725333932,-0.05402738082,,,168,0,0,0.05199488777,336,336,0,,17.5,9.940913,0.896541,0,,-0.05991664358,-0.0001214881482,3,,0.006480949127,0.006480949127,0,aceptada,1,ok,0.008678048802,0.008678048802,0,aceptada,1,ok,0.006469379981,ok,0.00846772569,ok
2025-10-21,09:45,procesada,,sintetico/nbbo_intervalos_sintetico,sintetico/indice_sintetico,observado,sintetico/sip_sintetico,observado,sintetico/nbbo_intervalos_sintetico|piloto-0.3,2025-11-14,24.30208333,2025-11-21,31.30208333,5759.994948,5773.379071,0.03648555396,0.0422144525,0.03142123963,0.002320939025,identificada,-0.05836448,-0.05996883973,-0.0567598133,,0.001430675433,-0.001739567546,0.004601040438,,identificada,-0.05462257062,-0.05620529775,-0.05304016918,,0.00101757923,168,0,0,0.0537307196,336,336,0,,17.5,10.72610575,0.635754,0,,-0.05880758412,-0.0004431041263,1,0.006469379981,-0.004669701484,-0.004669701484,0,aceptada,1,ok,-0.001802801764,-0.001802801764,0,aceptada,1,ok,-0.004719547167,ok,-0.002056375117,ok
2025-10-22,09:45,procesada,,sintetico/nbbo_intervalos_sintetico,sintetico/indice_sintetico,observado,sintetico/sip_sintetico,observado,sintetico/nbbo_intervalos_sintetico|piloto-0.3,2025-11-14,23.30208333,2025-11-21,30.30208333,5732.874429,5745.760174,0.03812405911,0.04043559783,0.02095679246,0.002245171328,identificada,-0.06117197251,-0.0627580203,-0.05958572722,,-0.002807492516,-0.005998206997,0.0003831125095,,identificada,-0.05891692811,-0.06051231548,-0.05732199761,,-0.004294357491,169,0,0,0.06060012549,338,338,0,,16.75,9.92051475,0.660789,0,,-0.06125536622,-8.339370456e-05,1,-0.004719547167,0.01236430322,0.01236430322,0,aceptada,1,ok,0.006313655996,0.006313655996,0,aceptada,1,ok,0.01236128978,ok,0.006086665068,ok
2025-10-23,09:45,procesada,,sintetico/nbbo_intervalos_sintetico,sintetico/indice_sintetico,observado,sintetico/sip_sintetico,observado,sintetico/nbbo_intervalos_sintetico|piloto-0.3,2025-11-21,29.30208333,2025-11-28,36.17708333,5804.179957,5816.859805,0.03867090719,0.04298137703,0.08534537439,0.002182223548,no identificada,,,,vencimiento a 29.3 días: ningún tramo de puts válidos cruza |delta| = 0.25,,,,RR25 no identificada hoy o en la sesión anterior,no identificada,,,,vencimiento a 29.3 días: sin strikes put válidos a menos de 0.02 de k = -0.0296,,125,0,0,0.04464202672,340,295,0,desfasada=45,22.75,9.61126525,0.566039,0,,-0.06278148485,,1,0.01236128978,-0.003132802287,-0.003132802287,0,aceptada,1,ok,-0.0080237172,-0.0080237172,0,aceptada,1,ok,-0.003173817101,ok,-0.008289501466,ok
2025-10-24,09:45,procesada,,sintetico/nbbo_intervalos_sintetico,sintetico/indice_sintetico,observado,sintetico/sip_sintetico,observado,sintetico/nbbo_intervalos_sintetico|piloto-0.3,2025-11-21,28.30208333,2025-11-28,35.17708333,5785.787754,5797.919797,0.03223089531,0.04166080778,0.006352428573,0.002094674407,identificada,-0.05665128657,-0.05820637568,-0.0550961531,,,,,RR25 no identificada hoy o en la sesión anterior,identificada,-0.05499826887,-0.05657775227,-0.05341947613,,,170,0,0,0.05577178613,340,340,0,,18,10.09980225,0.784899,0,,-0.05678193312,-0.0001306465464,1,-0.003173817101,-0.002364699775,-0.002364699775,0,aceptada,1,ok,-0.005029522256,-0.005029522256,0,aceptada,1,ok,-0.002469579801,ok,-0.005279976239,ok
2025-10-27,09:45,procesada,,sintetico/nbbo_intervalos_sintetico,sintetico/indice_sintetico,observado,sintetico/sip_sintetico,observado,sintetico/nbbo_intervalos_sintetico|piloto-0.3,2025-11-21,25.30208333,2025-11-28,32.17708333,5771.516918,5785.223235,0.03418964215,0.03835360078,-0.04753972089,0.002372005197,identificada,-0.05726816503,-0.05876172961,-0.05577449068,,-0.0006168784568,-0.003665576515,0.002431884993,,identificada,-0.05744315629,-0.05893126132,-0.05595578071,,-0.002444887428,169,0,0,0.05182764167,338,338,0,,16.5,10.5210005,0.403473,0,,-0.05708278993,0.0001853751028,3,-0.002469579801,-0.00399990144,-0.00399990144,0,aceptada,1,ok,0.00781496042,0.00781496042,0,aceptada,1,ok,-0.004054720826,ok,0.007597092977,ok
2025-10-28,09:45,procesada,,sintetico/nbbo_intervalos_sintetico,sintetico/indice_sintetico,observado,sintetico/sip_sintetico,observado,sintetico/nbbo_intervalos_sintetico|piloto-0.3,2025-11-21,24.30208333,2025-11-28,31.17708333,5748.162408,5761.491464,0.03948240533,0.04182071778,0.05705813489,0.002316153411,identificada,-0.05849293317,-0.06002128073,-0.05696460088,,-0.001224768141,-0.004246790045,0.00179712873,,identificada,-0.05623434166,-0.05780360768,-0.05466535339,,0.001208814637,168,0,0,0.05294623801,336,336,0,,17,10.65688725,0.115419,0,,-0.05864922975,-0.0001562965765,1,-0.004054720826,0.003446756277,0.003446756277,0,aceptada,1,ok,0.01164338233,0.01164338233,0,aceptada,1,ok,0.003423493017,ok,0.01143658054,ok
2025-10-29,09:45,procesada,,sintetico/nbbo_intervalos_sintetico,sintetico/indice_sintetico,observado,sintetico/sip_sintetico,observado,sintetico/nbbo_intervalos_sintetico|piloto-0.3,2025-11-21,23.30208333,2025-11-28,30.17708333,5767.874925,5780.733949,0.04360290438,0.0416432087,-0.03085465406,0.002226939914,identificada,-0.06332459219,-0.06493995479,-0.06170891787,,-0.004831659019,-0.007975353912,-0.001687637137,,identificada,-0.0601816349,-0.06178193995,-0.05858175949,,-0.003947293248,169,0,0,0.06177468753,338,338,0,,17,,0.807435,2,2025-11-21: edad de cotización desconocida en 170 de 170 filas: el control de desfase no se aplicó | 2025-11-28: edad de cotización desconocida en 168 de 168 filas: el control de desfase no se aplicó,-0.06333700597,-1.241378365e-05,1,0.003423493017,-0.001973069974,-0.001973069974,0,aceptada,1,ok,0.00594752432,0.00594752432,0,aceptada,1,ok,-0.002014876756,ok,0.005728709429,ok
2025-10-30,09:45,procesada,,sintetico/nbbo_intervalos_sintetico,sintetico/indice_sintetico,observado,sintetico/sip_sintetico,observado,sintetico/nbbo_intervalos_sintetico|piloto-0.3,2025-11-28,29.17708333,2025-12-05,36.30208333,5756.265068,5768.681408,0.03394849933,0.04131184374,-0.02085132131,0.002154690228,identificada,-0.05955917878,-0.06109903881,-0.05801919243,,0.003765413415,0.0006098790539,0.006920762368,,identificada,-0.05647516408,-0.05802360075,-0.05492725141,,0.00370647082,169,0,0,0.05060734549,338,338,0,,18.25,10.104501,0.307835,0,,-0.05947963545,7.954332589e-05,1,-0.002014876756,-0.0001386073429,-0.0001386073429,0,aceptada,1,ok,0.007903406109,0.007903406109,0,aceptada,1,ok,-0.000164291873,ok,0.00769075552,ok
2025-10-31,09:45,procesada,,sintetico/nbbo_intervalos_sintetico,sintetico/indice_sintetico,observado,sintetico/sip_sintetico,observado,sintetico/nbbo_intervalos_sintetico|piloto-0.3,2025-11-28,28.17708333,2025-12-05,35.30208333,5755.319439,5767.389122,0.0342884677,0.04007242497,0.061175824,0.002094939444,identificada,-0.05479818628,-0.05627152471,-0.05332500964,,0.004760992493,0.001747667715,0.007774029174,,identificada,-0.05707240703,-0.0585217058,-0.05562412058,,-0.0005972429499,169,0,0,0.05715306555,338,338,0,,16.75,10.1288765,0.227368,0,,-0.05481754802,-1.936173522e-05,1,-0.000164291873,0.0104797829,0.0104797829,0,aceptada,1,ok,-0.0008320477521,-0.0008320477521,0,aceptada,1,ok,0.01040748941,ok,-0.00108905509,ok
2025-11-03,09:45,procesada,,sintetico/nbbo_intervalos_sintetico,sintetico/indice_sintetico,observado,sintetico/sip_sintetico,observado,sintetico/nbbo_intervalos_sintetico|piloto-0.3,2025-11-28,25.13541667,2025-12-05,32.26041667,5815.530645,5829.416699,0.02603041915,0.03932955661,-0.008625540058,0.00238490733,identificada,-0.04982001039,-0.051142626,-0.04849724512,,0.004978175893,0.002182383637,0.007774279591,,identificada,-0.06071836669,-0.06202581316,-0.05941405433,,-0.003645959661,169,0,0,0.05623165439,340,339,0,spread_ancho=1,14.5,10.55186775,0.373708,0,,-0.0500467876,-0.0002267772105,3,0.01040748941,-0.0001714795258,-0.0001714795258,0,aceptada,1,ok,-0.02077290291,-0.0239290284,1.8,aceptada,1,ok,-0.0002152332651,ok,-0.02108383363,ok
2025-11-04,09:45,procesada,,sintetico/nbbo_intervalos_sintetico,sintetico/indice_sintetico,observado,sintetico/sip_sintetico,observado,sintetico/nbbo_intervalos_sintetico|piloto-0.3,2025-11-28,24.13541667,2025-12-05,31.26041667,5814.279084,5827.732572,0.03469067748,0.04008390981,-0.007091576063,0.002311197517,identificada,-0.04259229366,-0.04374324005,-0.04144103797,,0.007227716727,0.004754005066,0.009701588029,,identificada,-0.05852411363,-0.05968925023,-0.05736414167,,0.002194253061,162,0,0,0.05552341998,340,332,3,sin_bid=3; spread_ancho=5,13,11.1561935,0.154537,0,,-0.0427462135,-0.0001539198383,1,-0.0002152332651,-0.002249101737,-0.002249101737,0,aceptada,1,ok,-0.02249390309,-0.02565601661,1.8,aceptada,1,ok,-0.002284378091,ok,-0.02280486015,ok
2025-11-05,09:45,procesada,,sintetico/nbbo_intervalos_sintetico,sintetico/indice_sintetico,observado,sintetico/sip_sintetico,observado,sintetico/nbbo_intervalos_sintetico|piloto-0.3,2025-11-28,23.13541667,2025-12-05,30.26041667,5801.012231,5813.951914,0.06085389298,0.03737528475,-0.06008985331,0.002228106377,no identificada,,,,vencimiento a 23.1 días: ningún tramo de calls válidos cruza |delta| = 0.25,,,,RR25 no identificada hoy o en la sesión anterior,no identificada,,,,vencimiento a 23.1 días: sin strikes call válidos a menos de 0.02 de k = +0.0296,,117,0,0,0.06422973421,287,287,0,,16.75,10.13219825,0.385369,0,,-0.03811903694,,1,-0.002284378091,-1.718818484e-05,-1.718818484e-05,0,aceptada,1,ok,-0.01929811381,-0.02245723049,1.8,aceptada,1,ok,-5.283066499e-05,ok,-0.01960078855,ok
2025-11-06,09:45,procesada,,sintetico/nbbo_intervalos_sintetico,sintetico/indice_sintetico,observado,sintetico/sip_sintetico,observado,sintetico/nbbo_intervalos_sintetico|piloto-0.3,2025-12-05,29.26041667,2025-12-12,36.26041667,5800.705768,5813.281218,0.02731343311,0.03998883053,0.006403262935,0.002165570667,identificada,-0.04268151403,-0.04400447531,-0.04135841297,,,,,RR25 no identificada hoy o en la sesión anterior,identificada,-0.05626222408,-0.05749247729,-0.05503504816,,,169,0,0,0.0555775241,340,339,0,spread_ancho=1,13.5,10.2931495,0.086967,0,,-0.0427193413,-3.782726665e-05,1,-5.283066499e-05,-0.008874061204,-0.008874061204,0,aceptada,1,ok,-0.02395292851,-0.02712686261,1.8,aceptada,1,ok,-0.008944102484,ok,-0.02427945652,ok
2025-11-07,09:45,procesada,,sintetico/nbbo_intervalos_sintetico,sintetico/indice_sintetico,observado,sintetico/sip_sintetico,observado,sintetico/nbbo_intervalos_sintetico|piloto-0.3,2025-12-05,28.26041667,2025-12-12,35.26041667,5749.05499,5761.091337,0.02587133924,0.04254672675,0.005395947013,0.002091433195,identificada,-0.03524716737,-0.03633181993,-0.03416259656,,0.00743434666,0.005026593036,0.009841878744,,identificada,-0.05467652669,-0.05588220521,-0.05348504076,,0.001585697391,157,0,0,0.05801534832,336,325,5,sin_bid=5; spread_ancho=6,12.25,10.33565875,0.748333,0,,-0.03520185177,4.531560512e-05,1,-0.008944102484,-0.009461072254,-0.01261719775,1.8,aceptada,1,ok,-0.01361871769,-0.01678801341,1.8,aceptada,1,ok,-0.009587289122,ok,-0.01389567353,ok
2025-11-10,09:45,procesada,,sintetico/nbbo_intervalos_sintetico,sintetico/indice_sintetico,observado,sintetico/sip_sintetico,observado,sintetico/nbbo_intervalos_sintetico|piloto-0.3,2025-12-05,25.26041667,2025-12-12,32.26041667,5694.200511,5707.771079,0.03736600806,0.03875633963,-0.03422499709,0.002380390794,identificada,-0.03836952284,-0.03949780859,-0.03724108156,,-0.003122355469,-0.005335212024,-0.0009092616226,,identificada,-0.05467437354,-0.05588125608,-0.05347491805,,2.153145501e-06,160,0,0,0.05932694947,334,327,2,sin_bid=2; spread_ancho=5,12.5,9.64505225,0.196142,0,,-0.03852072425,-0.0001512014018,3,-0.009587289122,-0.001898467734,-0.001898467734,0,aceptada,1,ok,-0.005423694355,-0.005423694355,0,aceptada,1,ok,-0.001936259785,ok,-0.005668790516,ok
2025-11-11,09:45,procesada,,sintetico/nbbo_intervalos_sintetico,sintetico/indice_sintetico,observado,sintetico/sip_sintetico,observado,sintetico/nbbo_intervalos_sintetico|piloto-0.3,2025-12-05,24.26041667,2025-12-12,31.26041667,5683.185727,5696.326588,0.0244586322,0.04091665821,-0.01622549482,0.002309565974,identificada,-0.03494021492,-0.03603012412,-0.03385030946,,0.003429307927,0.00121095744,0.005647499131,,identificada,-0.05467535552,-0.05596275422,-0.05340300867,,-9.819761537e-07,152,0,0,0.04958918041,332,318,9,sin_bid=9; spread_ancho=5,12,10.9117945,0.959005,0,,-0.0352898537,-0.0003496387794,1,-0.001936259785,0.0009496843893,0.0009496843893,0,aceptada,1,ok,0.001740399676,0.001740399676,0,aceptada,1,ok,0.00091969351,ok,0.001499739463,ok
2025-11-12,09:45,procesada,,sintetico/nbbo_intervalos_sintetico,sintetico/indice_sintetico,observado,sintetico/sip_sintetico,observado,sintetico/nbbo_intervalos_sintetico|piloto-0.3,2025-12-05,23.26041667,2025-12-12,30.26041667,5688.41492,5701.217247,0.157821529,0.03209530706,0.05487945999,0.002248067747,identificada,-0.03614314666,-0.04081019423,-0.03146930751,,-0.001202931746,-0.006959884777,0.004560816606,,no identificada,,,,vencimiento a 23.3 días: sin strikes call válidos a menos de 0.02 de k = +0.0296,,136,0,0,0.05774083355,336,304,19,sin_bid=19; spread_ancho=13,64.75,9.89873925,0.742063,0,,-0.036290907,-0.0001477603367,1,0.00091969351,-0.004686820314,-0.004686820314,0,aceptada,1,ok,-0.007428025861,-0.007428025861,0,aceptada,1,ok,-0.004731498638,ok,-0.00768019673,ok
2025-11-13,09:45,procesada,,sintetico/nbbo_intervalos_sintetico,sintetico/indice_sintetico,observado,sintetico/sip_sintetico,observado,sintetico/nbbo_intervalos_sintetico|piloto-0.3,2025-12-12,29.26041667,2025-12-19,36.26041667,5661.563766,5673.867363,0.03371248392,0.0383084965,0.03604483268,0.002170821979,identificada,-0.0477902286,-0.04906874594,-0.0465113223,,-0.01164708194,-0.01759943843,-0.00570112807,,identificada,-0.06278747476,-0.06402505894,-0.06155387604,,,163,0,0,0.06066127023,332,329,0,spread_ancho=3,14.25,10.75346725,0.955328,0,,-0.0477621436,2.808500135e-05,1,-0.004731498638,0.001464788,0.001464788,0,aceptada,1,ok,-0.002475598944,-0.002475598944,0,aceptada,1,ok,0.00143968051,ok,,sin precio final
2025-11-14,09:45,procesada,,sintetico/nbbo_intervalos_sintetico,sintetico/indice_sintetico,observado,sintetico/sip_sintetico,observado,sintetico/nbbo_intervalos_sintetico|piloto-0.3,2025-12-12,28.26041667,2025-12-19,35.26041667,5669.720479,5681.603259,0.04134431046,0.04036597553,0.01785123174,0.002093638516,identificada,-0.04667184582,-0.04802236292,-0.04532115726,,0.001118382779,-0.001511040616,0.003747588676,,identificada,-0.05682394171,-0.05803274815,-0.05561664782,,0.005963533044,166,0,0,0.06059625472,332,332,0,,14,10.3315665,0.827827,0,,-0.04657271651,9.912931159e-05,1,0.00143968051,-0.001252878696,-0.001252878696,0,aceptada,1,ok,-0.001659077651,-0.001659077651,0,aceptada,1,ok,-0.001360406112,ok,-0.001911014588,ok
2025-11-17,09:45,procesada,,sintetico/nbbo_intervalos_sintetico,sintetico/indice_sintetico,observado,sintetico/sip_sintetico,observado,sintetico/nbbo_intervalos_sintetico|piloto-0.3,2025-12-12,25.26041667,2025-12-19,32.26041667,5662.012601,5675.564408,0.03017729051,0.0381904367,0.02391885643,0.002390601353,identificada,-0.04611606814,-0.04742932061,-0.04480270703,,0.0005557776873,-0.002108163346,0.003219655884,,identificada,-0.05638532141,-0.05771938964,-0.05505412985,,0.0004386203017,166,0,0,0.0493393993,332,332,0,,13.75,8.99250725,0.819507,0,,-0.0458915896,0.0002244785347,3,-0.001360406112,0.005265626297,0.005265626297,0,aceptada,1,ok,0.008999884969,0.008999884969,0,aceptada,1,ok,0.005232270193,ok,0.008765604644,ok
2025-11-18,09:45,procesada,,sintetico/nbbo_intervalos_sintetico,sintetico/indice_sintetico,observado,sintetico/sip_sintetico,observado,sintetico/nbbo_intervalos_sintetico|piloto-0.3,2025-12-12,24.26041667,2025-12-19,31.26041667,5691.715419,5704.914455,0.02738090921,0.04174240227,0.02220194998,0.002316306115,identificada,-0.04852061486,-0.04986216493,-0.04717895673,,-0.002404546726,-0.005059457899,0.0002503638786,,identificada,-0.05628434128,-0.05759061827,-0.05497964738,,0.0001009801349,167,0,0,0.052108088,334,334,0,,14,9.715827,30,2,2025-12-12: subyacente desfasado 30 s respecto del corte | 2025-12-19: subyacente desfasado 30 s respecto del corte,-0.0484295013,9.111356318e-05,1,0.005232270193,-0.008218741148,-0.008218741148,0,aceptada,1,ok,,,,,1,sin precio final,-0.008260242682,ok,0.004313743222,ok
2025-11-19,09:45,procesada,,sintetico/nbbo_intervalos_sintetico,sintetico/indice_sintetico,observado,sintetico/sip_sintetico,observado,sintetico/nbbo_intervalos_sintetico|piloto-0.3,2025-12-12,23.26041667,2025-12-19,30.26041667,5644.894113,5657.527342,0.03180981859,0.03822776705,-0.01669037938,0.002235491666,identificada,-0.04392774184,-0.04518468696,-0.04267027785,,0.004592873025,0.001994269768,0.007191887084,,identificada,-0.05443724343,-0.05562280261,-0.05325326597,,0.001847097846,165,0,0,0.05444368094,332,331,0,spread_ancho=1,13.25,10.07110275,0.068532,0,,-0.04388163713,4.610471325e-05,1,-0.008260242682,0.0002656066028,0.0002656066028,0,aceptada,1,ok,0.01158545249,0.01158545249,0,aceptada,1,ok,,sin precio final,0.01134819361,ok
2025-11-20,09:45,no disponible,sin precio de SPX al corte de 2025-11-20,sintetico/nbbo_intervalos_sintetico,,,sintetico/sip_sintetico,observado,sintetico/nbbo_intervalos_sintetico|piloto-0.3,,,,,,,,,,,no identificada,,,,,,,,RR25 no identificada hoy o en la sesión anterior,no identificada,,,,,,0,0,0,,0,0,0,,,,,0,,-0.05863441001,,1,,0.002281309293,0.002281309293,0,aceptada,1,ok,3.540888409e-05,3.540888409e-05,0,aceptada,1,ok,,sin precio inicial,,sin precio inicial
2025-11-21,09:45,procesada,,sintetico/nbbo_intervalos_sintetico,sintetico/indice_sintetico,observado,sintetico/sip_sintetico,observado,sintetico/nbbo_intervalos_sintetico|piloto-0.3,2025-12-19,28.26041667,2025-12-26,35.26041667,5658.895907,5670.725986,0.03300646567,0.03814302255,-0.01219671581,0.002088345757,identificada,-0.06274255527,-0.06432010079,-0.06116496636,,,,,RR25 no identificada hoy o en la sesión anterior,identificada,-0.06151042123,-0.06299880984,-0.06002256261,,,166,0,0,0.06048612972,332,332,0,,17.25,9.28959075,0.047287,0,,-0.06278510067,-4.254539591e-05,1,,0.009406083924,0.009406083924,0,aceptada,1,ok,-0.02319535034,-0.02319535034,0,aceptada,1,ok,0.00931621312,ok,-0.02354925153,ok
2025-11-24,09:45,procesada,,sintetico/nbbo_intervalos_sintetico,sintetico/indice_sintetico,observado,sintetico/sip_sintetico,observado,sintetico/nbbo_intervalos_sintetico|piloto-0.3,2025-12-19,25.26041667,2025-12-26,32.26041667,5711.861724,5725.534144,0.03658850697,0.04038504106,0.02542970383,0.002390828451,identificada,-0.05074364588,-0.05221992228,-0.0492669974,,0.01199890939,0.008945044079,0.01505310338,,identificada,-0.05116735289,-0.0526539352,-0.04968146972,,0.01034306834,167,0,0,0.05592560325,334,334,0,,16,9.62847475,0.48015,0,,-0.05066113134,8.251454041e-05,3,0.00931621312,,,,,1,sin precio final,-0.04979686538,-0.04979686538,0,aceptada,1,ok,0.0007804087709,ok,-0.05011371538,ok
2025-11-25,09:45,procesada,,sintetico/nbbo_intervalos_sintetico,sintetico/indice_sintetico,observado,sintetico/sip_sintetico,observado,sintetico/nbbo_intervalos_sintetico|piloto-0.3,2025-12-19,24.26041667,2025-12-26,31.26041667,5716.321051,5729.537575,0.03541430237,0.03884970693,-0.01727390117,0.002309399502,identificada,-0.06087974691,-0.06243783166,-0.05932148667,,-0.01013610103,-0.01317083426,-0.007101564382,,identificada,-0.05809622947,-0.05966835135,-0.05652445225,,-0.006928876587,168,0,0,0.05829002443,336,336,0,,17.25,10.49355775,0.189844,0,,-0.06122681347,-0.0003470665624,1,0.0007804087709,,,,,1,sin precio inicial,,,,,1,sin precio inicial,-0.001225792298,ok,-0.06023120624,ok
2025-11-26,09:45,procesada,,sintetico/nbbo_intervalos_sintetico,sintetico/indice_sintetico,observado,sintetico/sip_sintetico,observado,sintetico/nbbo_intervalos_sintetico|piloto-0.3,2025-12-19,23.26041667,2025-12-26,30.26041667,5709.318322,5722.087533,0.03593342056,0.03794026803,-0.02507952683,0.002234058857,identificada,-0.0586114526,-0.06026659055,-0.05695605772,,0.002268294307,-0.0009451038839,0.005481773942,,identificada,-0.05487197645,-0.056494707,-0.05324986326,,0.003224253027,168,0,0,0.05266310855,336,336,0,,17,10.269224,0.164341,0,,-0.058186079,0.0004253736008,1,-0.001225792298,-0.01128443701,-0.01128443701,0,aceptada,1,ok,-0.05729537778,-0.05729537778,0,aceptada,1,ok,-0.01136413435,ok,-0.05762644487,ok
2025-11-28,09:45,procesada,,sintetico/nbbo_intervalos_sintetico,sintetico/indice_sintetico,observado,sintetico/sip_sintetico,observado,sintetico/nbbo_intervalos_sintetico|piloto-0.3,2025-12-26,28.26041667,2026-01-02,35.26041667,5644.804129,5656.628408,0.02659541403,0.03944116938,0.01149180157,0.002092528141,identificada,-0.05497485883,-0.05656686593,-0.05338278967,,0.003636593775,0.0003891917877,0.006883800877,,identificada,-0.05242749002,-0.05402418683,-0.05083126458,,0.002444486426,165,0,0,0.05285593275,330,330,0,,17.75,9.2975265,0.481083,0,,-0.05510708947,-0.0001322306476,2,-0.01136413435,-0.02094944993,-0.02094944993,0,aceptada,1,ok,-0.03236796342,-0.03236796342,0,aceptada,1,ok,-0.02105594678,ok,-0.03264282153,ok
2025-12-01,09:45,procesada,,sintetico/nbbo_intervalos_sintetico,sintetico/indice_sintetico,observado,sintetico/sip_sintetico,observado,sintetico/nbbo_intervalos_sintetico|piloto-0.3,2025-12-26,25.26041667,2026-01-02,32.26041667,5527.190018,5540.391525,0.03810392188,0.04177515684,-0.004257311482,0.002385618573,identificada,-0.05286692339,-0.05443752347,-0.05129620325,,0.002107935436,-0.001054733799,0.005270662686,,identificada,-0.04994081408,-0.05148849043,-0.04839362681,,0.002486675942,162,0,0,0.04917375423,324,324,0,,17,9.9306735,0.555468,0,,-0.05278872373,7.819966212e-05,3,-0.02105594678,-0.01719543112,-0.01719543112,0,aceptada,1,ok,-0.01205874765,-0.01205874765,0,aceptada,1,ok,-0.01724825073,ok,-0.01232397809,ok
