fecha,hora,segmento,fresco,n,fuera,fraccion_fuera,residuo_abs_mediana,multiplo_medio_ancho_mediana,ancho_mediana,edad_mediana,desfase_patas_mediana,excluidos_estimacion
2026-10-02,09:45,0DTE,False,30,2,0.06666666666666667,1.8052555390137144,0.23980818422252664,17.08499999999998,23.246710999999777,15.105223499998829,0
2026-10-02,09:45,0DTE,True,80,41,0.5125,0.4972333720635014,1.0277441087213277,0.8695000000000035,5.884202500001265,0.46397150000120746,0
2026-10-02,09:45,plazo_mensual,False,100,41,0.41,2.529607455423644,0.6757911511433337,6.454999999999995,10.851433499999985,4.906793499998457,0
2026-10-02,09:45,plazo_mensual,True,221,93,0.42081447963800905,1.6500029888203755,0.7319969056087606,4.100000000000023,6.347584000002826,0.5296220000018366,0
2026-10-02,10:00,0DTE,False,13,8,0.6153846153846154,1.3535758425983317,1.1925099412868527,1.9799999999999955,8.498480000002019,3.3484609999941313,0
2026-10-02,10:00,0DTE,True,97,39,0.4020618556701031,0.7276920977051873,0.7179929220331389,1.349999999999983,5.826345000001311,0.40191600000252947,0
2026-10-02,10:00,plazo_mensual,False,3,1,0.3333333333333333,3.011871012479162,0.43879223034597725,17.62999999999999,7.2316569999966305,2.153218999999808,0
2026-10-02,10:00,plazo_mensual,True,319,139,0.43573667711598746,1.9722042023300617,0.7654964261135586,4.699999999999989,6.150486999998975,0.49845099999947706,0
2026-10-05,09:45,0DTE,False,9,1,0.1111111111111111,1.3866668732748622,0.19021704005117915,17.070000000000018,8.174848000002385,2.9140709999992396,0
2026-10-05,09:45,0DTE,True,85,39,0.4588235294117647,0.5932484844769874,0.7405908594897249,1.6800000000000017,5.615355000001728,0.3720220000031986,0
2026-10-05,09:45,plazo_mensual,False,4,0,0.0,4.599357457107288,0.411954100166654,24.75999999999999,8.418896499999391,3.054141000000527,0
2026-10-05,09:45,plazo_mensual,True,212,62,0.29245283018867924,2.0239059104418713,0.5613007859081904,7.054999999999987,5.756434999999328,0.34816349999891827,0
2026-10-05,10:00,0DTE,False,5,1,0.2,3.921033141508275,0.650254252323098,12.059999999999983,8.34415699999954,3.1194140000006882,0
2026-10-05,10:00,0DTE,True,91,33,0.3626373626373626,0.952270549284691,0.6050238612302996,2.9299999999999953,5.224683000000368,0.24756300000444753,0
2026-10-05,10:00,plazo_mensual,False,173,45,0.26011560693641617,1.7580580785406141,0.49215507384582446,7.329999999999977,10.352288000001863,4.230089000004227,0
2026-10-05,10:00,plazo_mensual,True,43,10,0.23255813953488372,1.3720891754771998,0.5458245262092409,4.799999999999983,5.693027000001166,0.0734840000004624,0
2026-10-06,09:45,0DTE,False,17,8,0.47058823529411764,2.080039169161296,0.5614417273418205,2.9300000000000033,12.189015000003565,6.476945999995223,1
2026-10-06,09:45,0DTE,True,70,38,0.5428571428571428,0.5762329654204308,1.4352222997784396,0.8599999999999995,5.767191499999171,0.4769369999994524,0
2026-10-06,09:45,plazo_mensual,False,123,36,0.2926829268292683,2.012033391400621,0.5396228759242268,7.310000000000045,15.81674799999746,8.009422000002814,0
2026-10-06,09:45,plazo_mensual,True,153,62,0.40522875816993464,1.4513106550663082,0.867896327836149,3.589999999999989,6.005063999997219,0.28934599999774946,0
2026-10-06,10:00,0DTE,False,15,1,0.06666666666666667,1.5411080847606229,0.17691527276996358,17.919999999999984,49.65784200000053,42.63025000000198,0
2026-10-06,10:00,0DTE,True,79,49,0.620253164556962,0.7654483566742982,1.7115811048787226,1.109999999999996,5.71010699999897,0.3732209999943734,0
2026-10-06,10:00,plazo_mensual,False,2,1,0.5,4.179321365795033,0.5491882731404568,22.42500000000004,43.711114000001544,38.34008200000244,0
2026-10-06,10:00,plazo_mensual,True,271,85,0.31365313653136534,1.9507112455906963,0.5680722452245128,6.679999999999978,5.3703610000011395,0.09905499999877065,0
