fecha,hora,segmento,n,fuera,fraccion_fuera,residuo_abs_mediana,multiplo_medio_ancho_mediana,ancho_mediana,edad_mediana,desfase_patas_mediana,excluidos_estimacion
2026-10-02,09:45,0DTE,110,43,0.39090909090909093,0.7957958394844553,0.6500565167573482,1.4300000000000015,5.9286079999983485,0.6516745000008086,0
2026-10-02,09:45,plazo_mensual,321,134,0.4174454828660436,1.8228895942920644,0.7221902379907736,5.009999999999977,6.873692000001029,1.0139339999950607,0
2026-10-02,10:00,0DTE,110,47,0.42727272727272725,0.8658873992886384,0.7353661883411582,1.3900000000000114,5.843513499999972,0.49194149999675574,0
2026-10-02,10:00,plazo_mensual,322,140,0.43478260869565216,1.9743742185451278,0.7626019419290835,4.7299999999999915,6.155692000000272,0.4999115000027814,0
2026-10-05,09:45,0DTE,94,40,0.425531914893617,0.6310504393939667,0.6353264315892759,1.8900000000000114,5.630191000000195,0.4322905000044557,0
2026-10-05,09:45,plazo_mensual,216,62,0.28703703703703703,2.0502980089709553,0.535223782447371,7.219999999999992,5.756586499999685,0.4118914999962726,0
2026-10-05,10:00,0DTE,96,34,0.3541666666666667,1.0044877852129517,0.6133677966478668,3.2099999999999933,5.224683000000368,0.26910599999973783,0
2026-10-05,10:00,plazo_mensual,216,55,0.25462962962962965,1.594658815102484,0.4932604648289487,6.680000000000007,9.316697000002023,4.015811000001122,0
2026-10-06,09:45,0DTE,87,46,0.5287356321839081,0.6547072673909291,1.3050228300364741,1.1099999999999943,5.955710000002,0.6565929999997024,1
2026-10-06,09:45,plazo_mensual,276,98,0.35507246376811596,1.7109676888517527,0.7284892552464934,4.900000000000013,6.053029000002425,1.0204865000014252,0
2026-10-06,10:00,0DTE,94,50,0.5319148936170213,0.8364462313002647,1.165045986839414,1.3000000000000103,5.711982000000717,0.46719650000159163,0
2026-10-06,10:00,plazo_mensual,273,86,0.315018315018315,1.9507112455906963,0.5680722452245128,6.729999999999997,5.37171600000147,0.09906000000046333,0
