escenario,segmento,n,fuera,fraccion_fuera,residuo_abs_mediana,multiplo_medio_ancho_mediana,ancho_mediana,edad_mediana,desfase_patas_mediana,excluidos_estimacion
base,0DTE,591,260,0.43993231810490696,0.784564466646259,0.7579369202108048,1.3900000000000114,5.723385999997845,0.4690919999993639,1
base,plazo_mensual,1624,575,0.354064039408867,1.8706905800912956,0.6467731464754529,5.530000000000017,6.078269500001625,0.5526964999990014,0
edad10_gap2,0DTE,502,243,0.48406374501992033,0.6233301342704145,0.9310235138929097,1.2499999999999887,5.643675499999517,0.38093900000239955,4
edad10_gap2,plazo_mensual,1219,449,0.36833470057424117,1.8085754395088145,0.6483654630817568,5.099999999999994,5.851285999997344,0.30176299999584444,0
edad30_gap5,0DTE,542,252,0.46494464944649444,0.7011054888768715,0.8631006569769955,1.3250000000000017,5.69984100000147,0.4265294999968319,0
edad30_gap5,plazo_mensual,1415,503,0.35547703180212015,1.805889782793571,0.6451572035737864,5.339000000000027,6.00803299999825,0.4219730000040727,0
tasa_fija_3,0DTE,591,260,0.43993231810490696,0.7842230315569481,0.7575858439668322,1.3900000000000114,5.723385999997845,0.4690919999993639,1
tasa_fija_3,plazo_mensual,1625,631,0.3883076923076923,2.025166336018742,0.6985748160467922,5.530000000000001,6.07809200000338,0.553937999997288,0
tasa_fija_4,0DTE,591,260,0.43993231810490696,0.784564466646259,0.7579369202108048,1.3900000000000114,5.723385999997845,0.4690919999993639,1
tasa_fija_4,plazo_mensual,1625,621,0.3821538461538462,1.953112620705312,0.6776177061739475,5.530000000000001,6.07809200000338,0.553937999997288,0
tasa_fija_5,0DTE,591,260,0.43993231810490696,0.7859843461130822,0.7582879939526914,1.3900000000000114,5.723385999997845,0.4690919999993639,1
tasa_fija_5,plazo_mensual,1625,614,0.37784615384615383,1.8959253515975547,0.6608166578398207,5.530000000000001,6.07809200000338,0.5536409999986063,0
