dias,sigma,strike,tipo,precio_pde,precio_bs,error_precio,error_delta,error_vega,error_masa,error_dualidad,masa_fronteras,residual_estado,residual_adjunto
7,0.15,90.0,C,10.044100977822543,10.04408628426133,1.4693561213974249e-05,1.0287613305681731e-07,2.8178341703093826e-06,2.169375790117556e-13,1.4210854715202004e-14,0.0,1.1102230246251565e-16,1.7053025658242404e-13
7,0.15,90.0,P,8.149885689414159e-08,6.232434480789054e-08,1.917451208625105e-08,4.3867928858757163e-08,2.902091944487494e-06,2.169375790117556e-13,1.9852334701272664e-22,0.0,1.1102230246251565e-16,4.263256414560601e-14
7,0.15,100.0,C,0.854375438960374,0.8544111861679373,3.574720756327476e-05,6.570809675476852e-06,0.00027589777465220067,2.169375790117556e-13,7.771561172376096e-16,0.0,1.1102230246251565e-16,1.7053025658242404e-13
7,0.15,100.0,P,0.8026062514005861,0.8026566729926854,5.042159209933672e-05,6.717553737378701e-06,0.00027581351692607115,2.169375790117556e-13,6.661338147750939e-16,0.0,1.1102230246251565e-16,4.263256414560601e-14
7,0.15,110.0,C,1.333783946865179e-06,1.1068039226101263e-06,2.269800242550527e-07,4.5651488452939007e-07,2.6844005321434607e-05,2.169375790117556e-13,6.352747104407253e-22,0.0,1.1102230246251565e-16,1.7053025658242404e-13
7,0.15,110.0,P,9.940563854988056,9.940578302390383,1.4447402326922543e-05,3.097708228816387e-07,2.692826317527138e-05,2.169375790117556e-13,3.375077994860476e-14,0.0,1.1102230246251565e-16,4.263256414560601e-14
7,0.25,90.0,C,10.045139487481526,10.045106009228709,3.347825281707628e-05,1.3460594243897006e-05,0.0005131341274832099,2.398081733190338e-14,1.7763568394002505e-15,1.0568280890680338e-302,1.1102230246251565e-16,1.7053025658242404e-13
7,0.25,90.0,P,0.001038602394619365,0.0010197872917228957,1.8815102896469274e-05,1.360722572131567e-05,0.000513274556997137,2.398081733190338e-14,1.0842021724855044e-18,1.0568280890680338e-302,1.1102230246251565e-16,4.263256414560601e-14
7,0.25,100.0,C,1.4063843173214072,1.4064485425997764,6.422527836913439e-05,2.490566383128723e-07,0.00028816923947783124,2.398081733190338e-14,2.220446049250313e-16,1.0568280890680338e-302,1.1102230246251565e-16,1.7053025658242404e-13
7,0.25,100.0,P,1.3546151409959921,1.3546940294245173,7.88884285252145e-05,3.9568811588397423e-07,0.0002880288099769146,2.398081733190338e-14,2.220446049250313e-15,1.0568280890680338e-302,1.1102230246251565e-16,4.263256414560601e-14
7,0.25,110.0,C,0.003439306128179171,0.0033954110390557193,4.389508912345163e-05,2.7397103441829072e-05,0.0008695957353749284,2.398081733190338e-14,2.6020852139652106e-18,1.0568280890680338e-302,1.1102230246251565e-16,1.7053025658242404e-13
7,0.25,110.0,P,9.944001838564258,9.943972606625541,2.9231938716733907e-05,2.7250471964168632e-05,0.0008697361648392632,2.398081733190338e-14,7.105427357601002e-15,1.0568280890680338e-302,1.1102230246251565e-16,4.263256414560601e-14
7,0.45,90.0,C,10.152501015655895,10.15237479906649,0.00012621658940581426,5.952278980037029e-06,7.293944670982988e-05,3.0175861809311755e-13,3.552713678800501e-15,8.98518948374362e-118,1.1102230246251565e-16,1.7053025658242404e-13
7,0.45,90.0,P,0.10840016989205405,0.10828857712950445,0.00011159276254960049,6.0985169773250525e-06,7.31922199332935e-05,3.0175861809311755e-13,6.938893903907228e-17,8.98518948374362e-118,1.1102230246251565e-16,4.263256414560601e-14
7,0.45,100.0,C,2.510313505834302,2.5104354953584136,0.00012198952411157649,2.848967507462774e-07,0.0002890000682018723,3.0175861809311755e-13,4.440892098500626e-16,8.98518948374362e-118,1.1102230246251565e-16,1.7053025658242404e-13
7,0.45,100.0,P,2.4585443688291777,2.4586809821831617,0.0001366133539839609,1.386587537566264e-07,0.0002887472949719694,3.0175861809311755e-13,2.220446049250313e-15,8.98518948374362e-118,1.1102230246251565e-16,4.263256414560601e-14
7,0.45,110.0,C,0.18249666720340318,0.18236425512226273,0.00013241208114045389,1.75030755299177e-06,0.0001256239074860499,3.0175861809311755e-13,1.1102230246251565e-16,8.98518948374362e-118,1.1102230246251565e-16,1.7053025658242404e-13
7,0.45,110.0,P,10.123059238956998,10.12294145070873,0.00011778824826791379,1.6040695559604856e-06,0.00012537113426747126,3.0175861809311755e-13,1.2434497875801753e-14,8.98518948374362e-118,1.1102230246251565e-16,4.263256414560601e-14
14,0.15,90.0,C,10.088244424521127,10.088225378842655,1.904567847255123e-05,4.527340671800495e-06,0.00030234141135570755,5.728750807065808e-14,5.329070518200751e-15,0.0,1.1102230246251565e-16,1.7053025658242404e-13
14,0.15,90.0,P,0.0001039773349218375,9.96431392716372e-05,4.3341956502002945e-06,4.674455448368069e-06,0.0003025098849402611,5.728750807065808e-14,2.710505431213761e-20,0.0,1.1102230246251565e-16,4.263256414560601e-14
14,0.15,100.0,C,1.223146528884266,1.2231994966288326,5.2967744566645436e-05,5.12864224766485e-06,0.0003992487804440614,5.728750807065808e-14,2.220446049250313e-16,0.0,1.1102230246251565e-16,1.7053025658242404e-13
14,0.15,100.0,P,1.1196753794900023,1.1197430587179444,6.767922794215231e-05,5.275757024136851e-06,0.00039908030694046914,5.728750807065808e-14,1.9984014443252818e-15,0.0,1.1102230246251565e-16,4.263256414560601e-14
14,0.15,110.0,C,0.0005678631105346528,0.0005511487823864281,1.671432814822466e-05,1.5529229609046206e-05,0.0008539575617116033,5.728750807065808e-14,4.336808689942018e-19,0.0,1.1102230246251565e-16,1.7053025658242404e-13
14,0.15,110.0,P,9.881766011508216,9.881764008664017,2.00284419804575e-06,1.5382114832540594e-05,0.0008541260351671992,5.728750807065808e-14,5.329070518200751e-15,0.0,1.1102230246251565e-16,4.263256414560601e-14
14,0.25,90.0,C,10.112691662456756,10.112596733413094,9.492904366226185e-05,2.0631123095804504e-05,0.0007343084616565632,6.084022174945858e-14,5.329070518200751e-15,4.4431097295696437e-178,1.1102230246251565e-16,1.7053025658242404e-13
14,0.25,90.0,P,0.024551237733712556,0.024470997709705917,8.024002400663921e-05,2.0778013237741574e-05,0.0007345892507009122,6.084022174945858e-14,4.85722573273506e-17,4.4431097295696437e-178,1.1102230246251565e-16,4.263256414560601e-14
14,0.25,100.0,C,2.003186163636153,2.0032797411757173,9.357753956429349e-05,6.234901226420675e-07,0.00040845310332304763,6.084022174945858e-14,3.552713678800501e-15,4.4431097295696437e-178,1.1102230246251565e-16,1.7053025658242404e-13
14,0.25,100.0,P,1.8997150367050175,1.8998233032648362,0.0001082665598186594,7.703802644143387e-07,0.00040817231426260037,6.084022174945858e-14,4.218847493575595e-15,4.4431097295696437e-178,1.1102230246251565e-16,4.263256414560601e-14
14,0.25,110.0,C,0.05317545491774959,0.053051045188245764,0.00012440972950382434,2.5392057750150965e-05,0.0006090107412082268,6.084022174945858e-14,2.0816681711721685e-17,4.4431097295696437e-178,1.1102230246251565e-16,1.7053025658242404e-13
14,0.25,110.0,P,9.934373625778523,9.934263905069882,0.00010972070864134764,2.524516760815665e-05,0.000609291530263345,6.084022174945858e-14,0.0,4.4431097295696437e-178,1.1102230246251565e-16,4.263256414560601e-14
14,0.45,90.0,C,10.549579144488337,10.549490275589116,8.886889922088415e-05,1.8781250075705636e-05,0.0004922301656153927,2.1316282072803006e-13,1.0658141036401503e-14,7.959983918469672e-63,1.6653345369377348e-16,2.2737367544323206e-13
14,0.45,90.0,P,0.461438798387778,0.4613645398857293,7.425850204872964e-05,1.8635146295700733e-05,0.0004917247450597628,2.1316282072803006e-13,0.0,7.959983918469672e-63,1.6653345369377348e-16,5.684341886080802e-14
14,0.45,100.0,C,3.5630168961118356,3.563192221576388,0.00017532546455223397,3.5519255225935353e-07,0.00040890413045335805,2.1316282072803006e-13,6.661338147750939e-15,7.959983918469672e-63,1.6653345369377348e-16,2.2737367544323206e-13
14,0.45,100.0,P,3.4595458478016634,3.459735783665514,0.0001899358638506321,5.012963323891562e-07,0.00040839870988396143,2.1316282072803006e-13,1.7763568394002505e-15,7.959983918469672e-63,1.6653345369377348e-16,5.684341886080802e-14
14,0.45,110.0,C,0.6721554693788149,0.6720853069311832,7.016244763169421e-05,2.4293993341500952e-05,0.0006617446451606668,2.1316282072803006e-13,3.3306690738754696e-16,7.959983918469672e-63,1.6653345369377348e-16,2.2737367544323206e-13
14,0.45,110.0,P,10.55335371885903,10.553298166812821,5.555204620932841e-05,2.4440097121547488e-05,0.0006612392246072574,2.1316282072803006e-13,7.105427357601002e-15,7.959983918469672e-63,1.6653345369377348e-16,5.684341886080802e-14
30,0.15,90.0,C,10.196792425577684,10.196727830203155,6.459537452840891e-05,2.009413396886206e-05,0.0012639292160631643,1.5720758028692217e-13,0.0,3.57539298277664e-219,5.551115123125783e-17,1.7053025658242404e-13
30,0.15,90.0,P,0.008165290614120269,0.008115533355988497,4.9757258131772134e-05,2.0242515273901848e-05,0.0012642900252535783,1.5720758028692217e-13,1.734723475976807e-18,3.57539298277664e-219,5.551115123125783e-17,4.263256414560601e-14
30,0.15,100.0,C,1.8246500885192383,1.8247303044712055,8.021595196727738e-05,4.26782755413857e-06,0.0005873985851696517,1.5720758028692217e-13,6.661338147750939e-16,3.57539298277664e-219,5.551115123125783e-17,1.7053025658242404e-13
30,0.15,100.0,P,1.6032002259615954,1.6032952800283933,9.505406679788386e-05,4.41620885932581e-06,0.000587037776019983,1.5720758028692217e-13,8.881784197001252e-16,3.57539298277664e-219,5.551115123125783e-17,4.263256414560601e-14
30,0.15,110.0,C,0.024406387449892115,0.024298544513366955,0.00010784293652515986,3.532224724596758e-05,0.0015969537276925294,1.5720758028692217e-13,1.734723475976807e-17,3.57539298277664e-219,5.551115123125783e-17,1.7053025658242404e-13
30,0.15,110.0,P,9.770133797298172,9.770040792474898,9.300482327390114e-05,3.5173865940874016e-05,0.0015973145368328723,1.5720758028692217e-13,5.329070518200751e-15,3.57539298277664e-219,5.551115123125783e-17,4.263256414560601e-14
30,0.25,90.0,C,10.387026441361408,10.386911826014705,0.0001146153467033173,5.2501004522698125e-06,0.00028435438170903993,9.14823772291129e-14,1.7763568394002505e-15,9.5557135169571e-92,2.220446049250313e-16,2.2737367544323206e-13
30,0.25,90.0,P,0.19839935450638327,0.19829952916753177,9.982533885150024e-05,5.10220029155406e-06,0.00028375303338545876,9.14823772291129e-14,8.326672684688674e-17,9.5557135169571e-92,2.220446049250313e-16,4.263256414560601e-14
30,0.25,100.0,C,2.9644444665761283,2.9645841802537447,0.0001397136776164487,1.1303746768609457e-06,0.0005974327249731459,9.14823772291129e-14,0.0,9.5557135169571e-92,2.220446049250313e-16,2.2737367544323206e-13
30,0.25,100.0,P,2.742994652126368,2.7431491558109324,0.0001545036845644887,1.278274837535065e-06,0.0005968313766278044,9.14823772291129e-14,8.881784197001252e-16,9.5557135169571e-92,2.220446049250313e-16,4.263256414560601e-14
30,0.25,110.0,C,0.34231675406774137,0.3421897123287494,0.00012704173899197313,1.114154644929477e-05,0.0007217605859510812,9.14823772291129e-14,4.996003610813204e-16,9.5557135169571e-92,2.220446049250313e-16,1.7053025658242404e-13
30,0.25,110.0,P,10.088044212023247,10.087931960290293,0.00011225173295414947,1.1289446609996645e-05,0.000721159237607516,9.14823772291129e-14,0.0,9.5557135169571e-92,2.220446049250313e-16,5.684341886080802e-14
30,0.45,90.0,C,11.569237589628845,11.569271117145426,3.35275165816995e-05,2.804458600902393e-05,0.0008625258927166257,4.241051954068098e-13,0.0,3.030240343431124e-31,1.1102230246251565e-16,3.979039320256561e-13
30,0.45,90.0,P,1.3806106711566772,1.380658820298268,4.8149141590680955e-05,2.7898370139334272e-05,0.0008614434651397218,4.241051954068098e-13,2.220446049250313e-15,3.030240343431124e-31,1.1102230246251565e-16,8.526512829121202e-14
30,0.45,100.0,C,5.243256191248851,5.243515507582524,0.00025931633367282103,1.1173567352473768e-06,0.0005988170907915702,4.241051954068098e-13,8.881784197001252e-16,3.030240343431124e-31,1.1102230246251565e-16,3.979039320256561e-13
30,0.45,100.0,P,5.021806545176811,5.022080483139718,0.0002739379629073113,1.2635726050480578e-06,0.000597734663218219,4.241051954068098e-13,8.881784197001252e-16,3.030240343431124e-31,1.1102230246251565e-16,8.526512829121202e-14
30,0.45,110.0,C,1.8572867603997867,1.8573548020843103,6.804168452356762e-05,3.2065049813068125e-05,0.0009737035951022932,4.241051954068098e-13,4.440892098500626e-16,3.030240343431124e-31,1.1102230246251565e-16,3.410605131648481e-13
30,0.45,110.0,P,11.603014386727876,11.603097050045866,8.266331798978399e-05,3.2211265682757784e-05,0.0009726211675218366,4.241051954068098e-13,5.329070518200751e-15,3.030240343431124e-31,1.1102230246251565e-16,9.947598300641403e-14
60,0.15,90.0,C,10.457339459817751,10.457234756207741,0.00010470361000969319,6.482029761167851e-06,0.00038569557458023596,9.414691248821327e-14,8.881784197001252e-15,8.343391276235605e-123,2.220446049250313e-16,1.7053025658242404e-13
60,0.15,90.0,P,0.08095518644457192,0.08086571496572215,8.947147884977302e-05,6.634351156782625e-06,0.000386416422995417,9.414691248821327e-14,9.71445146547012e-17,8.343391276235605e-123,2.220446049250313e-16,4.263256414560601e-14
60,0.15,100.0,C,2.6425751640706623,2.6426901182032823,0.000114954132619971,4.028981579140556e-06,0.0008302638513804084,9.414691248821327e-14,3.9968028886505635e-15,8.343391276235605e-123,2.220446049250313e-16,1.7053025658242404e-13
60,0.15,100.0,P,2.200653168651807,2.2007833549146483,0.00013018626284111434,4.181302974748391e-06,0.0008295430029860995,9.414691248821327e-14,4.440892098500626e-16,8.343391276235605e-123,2.220446049250313e-16,4.263256414560601e-14
60,0.15,110.0,C,0.18869472723759187,0.1885317079169066,0.00016301932068527036,5.287171157483672e-06,0.00039327743548334126,9.414691248821327e-14,3.3306690738754696e-16,8.343391276235605e-123,2.220446049250313e-16,1.7053025658242404e-13
60,0.15,110.0,P,9.68123500977306,9.681087222581668,0.00014778719139130203,5.134849761723181e-06,0.0003925565871014669,9.414691248821327e-14,0.0,8.343391276235605e-123,2.220446049250313e-16,4.263256414560601e-14
60,0.25,90.0,C,11.054865847494025,11.0548228072606,4.30402334252733e-05,2.3325255889661278e-05,0.0011145368551570556,2.9887203822909214e-13,2.1316282072803006e-14,1.2900383931031419e-48,2.220446049250313e-16,2.8421709430404007e-13
60,0.25,90.0,P,0.6784816702318147,0.6784537660185807,2.7904213234064557e-05,2.3173895420613988e-05,0.0011133354416958952,2.9887203822909214e-13,0.0,1.2900383931031419e-48,2.220446049250313e-16,7.105427357601002e-14
60,0.25,100.0,C,4.249022193006702,4.249221096844275,0.00019890383757292796,1.7299011465521374e-06,0.0008424860760847253,2.9887203822909214e-13,5.329070518200751e-15,1.2900383931031419e-48,2.220446049250313e-16,2.8421709430404007e-13
60,0.25,100.0,P,3.807100293700849,3.807314333555649,0.00021403985480006327,1.8812616156549389e-06,0.0008412846626306703,2.9887203822909214e-13,3.552713678800501e-15,1.2900383931031419e-48,2.220446049250313e-16,7.105427357601002e-14
60,0.25,110.0,C,1.0690157985251632,1.0689771535257002,3.864499946293343e-05,3.0087000066264524e-05,0.001497787890777147,2.9887203822909214e-13,8.881784197001252e-16,1.2900383931031419e-48,2.220446049250313e-16,2.2737367544323206e-13
60,0.25,110.0,P,10.561556177175667,10.561532668190452,2.350898521541467e-05,3.023836053528406e-05,0.00149658647733375,2.9887203822909214e-13,1.9539925233402755e-14,1.2900383931031419e-48,2.220446049250313e-16,7.105427357601002e-14
60,0.45,90.0,C,13.267971172599015,13.268159039151799,0.0001878665527836887,2.5117426736054327e-05,0.001092111177396049,2.942091015256665e-13,5.329070518200751e-15,4.820837655477494e-17,1.1102230246251565e-16,5.684341886080801e-13
60,0.45,90.0,P,2.891587331738873,2.89178999790979,0.00020266617091690975,2.4969430817950444e-05,0.0010899486320194995,2.942091015256665e-13,7.549516567451064e-15,4.820837655477494e-17,1.1102230246251565e-16,1.2789769243681803e-13
60,0.45,100.0,C,7.459727328771478,7.460095111108158,0.0003677823366805555,1.9461273160770176e-06,0.0008472399832619715,2.942091015256665e-13,4.440892098500626e-15,4.820837655477494e-17,1.1102230246251565e-16,5.684341886080801e-13
60,0.45,100.0,P,7.0178057658618025,7.0181883478195175,0.00038258195771501136,2.094123234264167e-06,0.0008450774378943038,2.942091015256665e-13,8.881784197001252e-16,4.820837655477494e-17,1.1102230246251565e-16,1.4210854715202004e-13
60,0.45,110.0,C,3.7716140732991326,3.771844618674069,0.00023054537493649718,2.9268287712269636e-05,0.0011996036649151165,2.942091015256665e-13,5.329070518200751e-15,4.820837655477494e-17,1.1102230246251565e-16,5.684341886080801e-13
60,0.45,110.0,P,13.264154788339924,13.264400133338828,0.0002453449989037182,2.9416283630512297e-05,0.0011974411194835,2.942091015256665e-13,1.5987211554602254e-14,4.820837655477494e-17,1.1102230246251565e-16,1.5631940186722204e-13
90,0.15,90.0,C,10.767176327854026,10.767083583958577,9.274389544877693e-05,7.610357579124205e-06,0.0005337450935734012,2.9742874829707944e-13,5.329070518200751e-15,2.328110472920501e-85,1.1102230246251565e-16,2.2737367544323206e-13
90,0.15,90.0,P,0.2038872041492766,0.20381029008005538,7.691406922122335e-05,7.452059582052639e-06,0.0005326649747763312,2.9742874829707944e-13,1.942890293094024e-16,2.328110472920501e-85,1.1102230246251565e-16,4.263256414560601e-14
90,0.15,100.0,C,3.293828804854554,3.293969386869323,0.00014058201476885301,4.105220849925928e-06,0.0010152616871330622,2.9742874829707944e-13,1.7763568394002505e-15,2.328110472920501e-85,1.1102230246251565e-16,2.2737367544323206e-13
90,0.15,100.0,P,2.6323943441844,2.6325507560283454,0.00015641184394521446,4.263518846858716e-06,0.001014181568255168,2.9742874829707944e-13,2.6645352591003757e-15,2.328110472920501e-85,1.1102230246251565e-16,4.263256414560601e-14
90,0.15,110.0,C,0.44416967798873297,0.44402175615708345,0.00014792183164952233,1.5098912346009352e-05,0.0016098641953572468,2.9742874829707944e-13,3.3306690738754696e-16,2.328110472920501e-85,1.1102230246251565e-16,2.2737367544323206e-13
90,0.15,110.0,P,9.684589880353176,9.684457788353638,0.00013209199953756467,1.5257210343011529e-05,0.0016087840765326433,2.9742874829707944e-13,1.2434497875801753e-14,2.328110472920501e-85,1.1102230246251565e-16,5.684341886080802e-14
90,0.25,90.0,C,11.731899031958974,11.731924971064362,2.593910538806199e-05,2.643868323426446e-05,0.0014200802280708302,8.117950756059145e-13,7.105427357601002e-15,1.46511500886915e-33,8.326672684688674e-17,3.410605131648481e-13
90,0.25,90.0,P,1.1686100522583165,1.1686516771858302,4.162492751369484e-05,2.628182428959791e-05,0.001418280030799579,8.117950756059145e-13,0.0,1.46511500886915e-33,8.326672684688674e-17,7.105427357601002e-14
90,0.25,100.0,C,5.254645324965371,5.254888444438973,0.0002431194736018938,2.1624145242205017e-06,0.0010287045279966378,8.117950756059145e-13,8.881784197001252e-16,1.46511500886915e-33,8.326672684688674e-17,3.410605131648481e-13
90,0.25,100.0,P,4.59321100831029,4.593469813597981,0.0002588052876904001,2.3192734688315397e-06,0.0010269043307289394,8.117950756059145e-13,2.6645352591003757e-15,1.46511500886915e-33,8.326672684688674e-17,8.526512829121202e-14
90,0.25,110.0,C,1.8023422829105074,1.802377859347903,3.5576437395601346e-05,3.298773681414957e-05,0.0017676690529260242,8.117950756059145e-13,0.0,1.46511500886915e-33,8.326672684688674e-17,3.410605131648481e-13
90,0.25,110.0,P,11.042762629301006,11.042813891544464,5.126224345808339e-05,3.314459575887163e-05,0.0017658688556085878,8.117950756059145e-13,5.329070518200751e-15,1.46511500886915e-33,8.326672684688674e-17,8.526512829121202e-14
90,0.45,90.0,C,14.707015349659887,14.707308965299365,0.00029361563947816194,2.1461373952202933e-05,0.0012400289769942674,6.904476990143849e-13,1.4210854715202004e-14,2.7236157334087865e-12,1.942890293094024e-16,9.094947017729282e-13
90,0.45,90.0,P,4.143726874172868,4.144035671420839,0.00030879724797028274,2.130955848278493e-05,0.0012367737896248343,6.904476990143849e-13,6.217248937900877e-15,2.7236157334087865e-12,1.942890293094024e-16,1.8474111129762605e-13
90,0.45,100.0,C,9.172272302875415,9.172721906914301,0.0004496040388861644,2.5226975138847862e-06,0.0010380073980549298,6.904476990143849e-13,1.0658141036401503e-14,2.7236157334087865e-12,1.942890293094024e-16,9.094947017729282e-13
90,0.45,100.0,P,8.5108384904191,8.511303276073317,0.00046478565421637086,2.6745129833583015e-06,0.0010347522107032603,6.904476990143849e-13,7.105427357601002e-15,2.7236157334087865e-12,1.942890293094024e-16,2.2737367544323206e-13
90,0.45,110.0,C,5.375199691978866,5.375540673604746,0.00034098162588058756,2.6372145492781218e-05,0.0013633810871453989,6.904476990143849e-13,3.552713678800501e-15,2.7236157334087865e-12,1.942890293094024e-16,7.958078640513122e-13
90,0.45,110.0,P,14.615620542553255,14.615976705801318,0.00035616324806220234,2.6523960962254733e-05,0.001360125899797282,6.904476990143849e-13,3.907985046680551e-14,2.7236157334087865e-12,1.942890293094024e-16,2.4158453015843406e-13
