dias,sigma,strike,tipo,precio,precio_bs,error_precio,error_delta,error_gamma,error_vega,error_paridad,error_media,error_dualidad,error_adjunto_tangente,curvatura_strike,masa_fronteras
7,0.15,90.0,C,10.044115623399284,10.04408628426133,2.9339137954664807e-05,2.4864888981124267e-07,9.337896363421751e-08,2.9425600166194e-06,2.3092638912203256e-14,2.9341673268845625e-05,1.4210854715202004e-14,3.745362852324019e-15,6.287210081715484e-07,0.0
7,0.15,90.0,P,8.22890968246048e-08,6.232434480789054e-08,1.996475201671427e-08,4.4542842148795406e-08,9.337896363421751e-08,3.0268177733949058e-06,2.3092638912203256e-14,2.9341673268845625e-05,5.293955920339377e-23,2.541098841762901e-20,6.287210081715484e-07,0.0
7,0.15,100.0,C,0.8546643784373814,0.8544111861679373,0.00025319226944409134,3.681415015055478e-06,0.00022654995772747322,0.002155431527402385,2.2544466293794585e-14,2.9341673268845625e-05,1.3322676295501878e-15,3.552713678800501e-15,0.1921098364756637,0.0
7,0.15,100.0,P,0.8028805460889257,0.8026566729926854,0.00022387309624027907,3.974606747003673e-06,0.00022654995772747322,0.0021553472696478337,2.2544466293794585e-14,2.9341673268845625e-05,2.55351295663786e-15,5.329070518200751e-15,0.1921098364756637,0.0
7,0.15,110.0,C,1.3432603097352136e-06,1.1068039226101263e-06,2.3645638712508735e-07,4.6488633887516056e-07,8.506261847294589e-07,2.80558974433816e-05,2.3092638912203256e-14,2.9341673268845625e-05,6.352747104407253e-22,3.5236570605778894e-19,5.70635627255098e-06,0.0
7,0.15,110.0,P,9.940549219673587,9.940578302390383,2.9082716796580144e-05,1.7169460708732487e-07,8.506261847294589e-07,2.8140155191647034e-05,2.3092638912203256e-14,2.9341673268845625e-05,1.7763568394002505e-14,1.3505581202000183e-14,5.70635627255098e-06,0.0
7,0.25,90.0,C,10.045155656990202,10.045106009228709,4.9647761493076814e-05,1.3855217805280873e-05,7.733820015745846e-06,0.0005633292620344024,4.796163466380676e-14,2.933043030850513e-05,1.7763568394002505e-15,6.751543768501733e-15,0.0012657014222969725,1.0568280890680592e-302
7,0.25,90.0,P,0.001040127114376747,0.0010197872917228957,2.0339822653851368e-05,1.4148297193719355e-05,7.733820015745846e-06,0.0005634696915687021,4.796163466380676e-14,2.933043030850513e-05,4.336808689942018e-19,6.938893903907228e-18,0.0012657014222969725,1.0568280890680592e-302
7,0.25,100.0,C,1.4065605813345539,1.4064485425997764,0.0001120387347774976,1.513583505197147e-06,6.0312726250386084e-05,0.0009636744976697642,4.651834473179406e-14,2.933043030850513e-05,2.220446049250313e-15,0.0,0.11520213764116265,1.0568280890680592e-302
7,0.25,100.0,P,1.354776760220461,1.3546940294245173,8.273079594367516e-05,1.2205041168278363e-06,6.0312726250386084e-05,0.0009635340681395377,4.651834473179406e-14,2.933043030850513e-05,6.661338147750939e-16,4.440892098500626e-15,0.11520213764116265,1.0568280890680592e-302
7,0.25,110.0,C,0.003443442009692208,0.0033954110390557193,4.803097063648884e-05,2.8609580753431643e-05,1.1334101224362222e-05,0.00097766044765088,4.796163466380676e-14,2.933043030850513e-05,2.168404344971009e-18,1.6653345369377348e-16,0.002360823639846899,1.0568280890680592e-302
7,0.25,110.0,P,9.943991329657333,9.943972606625541,1.8723031791623157e-05,2.8316501365033275e-05,1.1334101224362222e-05,0.0009778008771822166,4.796163466380676e-14,2.933043030850513e-05,5.329070518200751e-15,9.2148511043888e-15,0.002360823639846899,1.0568280890680592e-302
7,0.45,90.0,C,10.152536197901,10.15237479906649,0.00016139883451060655,8.06642478512476e-06,5.895562151154304e-06,0.00015595424794390134,8.881784197001252e-15,2.9291079812310272e-05,5.329070518200751e-15,9.992007221626409e-15,0.0176810307406716,8.98518948374633e-118
7,0.45,90.0,P,0.10842070734545764,0.10828857712950445,0.00013213021595319396,8.359110970773687e-06,5.895562151154304e-06,0.00015620702120977548,8.881784197001252e-15,2.9291079812310272e-05,4.163336342344337e-17,4.440892098500626e-16,0.0176810307406716,8.98518948374633e-118
7,0.45,100.0,C,2.5104147624951354,2.5104354953584136,2.0732863278194458e-05,1.2974635072993124e-06,1.725146646004705e-05,0.0004971690888737612,9.568734693488068e-15,2.9291079812310272e-05,1.3322676295501878e-15,1.7763568394002505e-14,0.06396841186984224,8.98518948374633e-118
7,0.45,100.0,P,2.4586309807013267,2.4586809821831617,5.000148183498254e-05,1.0047773216781408e-06,1.725146646004705e-05,0.0004969163156047784,9.568734693488068e-15,2.9291079812310272e-05,2.220446049250313e-15,1.5987211554602254e-14,0.06396841186984224,8.98518948374633e-118
7,0.45,110.0,C,0.18252833300496543,0.18236425512226273,0.00016407788270270118,4.693421275403509e-06,8.666229011168591e-06,2.8525078534125115e-05,8.881784197001252e-15,2.9291079812310272e-05,1.6653345369377348e-16,2.4424906541753444e-15,0.017424941474599973,8.98518948374633e-118
7,0.45,110.0,P,10.123076259972889,10.12294145070873,0.00013480926415887495,4.4007350898933595e-06,8.666229011168591e-06,2.8272305261367592e-05,8.881784197001252e-15,2.9291079812310272e-05,3.552713678800501e-15,8.659739592076221e-15,0.017424941474599973,8.98518948374633e-118
14,0.15,90.0,C,10.088259346822422,10.088225378842655,3.3967979767624e-05,4.516345663785337e-06,4.353599651138739e-06,0.0003246205893520284,1.7763568394002505e-15,2.9397690084920214e-05,8.881784197001252e-15,3.35009797680641e-14,0.00023065981410048887,0.0
14,0.15,90.0,P,0.00010425849766561953,9.96431392716372e-05,4.615358393982334e-06,4.809871877314365e-06,4.353599651138739e-06,0.0003247890629202235,1.7763568394002505e-15,2.9397690084920214e-05,8.131516293641283e-20,3.469446951953614e-18,0.00023065981410048887,0.0
14,0.15,100.0,C,1.2233528530143296,1.2231994966288326,0.00015335638549696107,3.065400917878769e-06,9.049398297458766e-05,0.0017247929503509951,4.163336342344337e-16,2.9397690084920214e-05,8.881784197001252e-16,8.881784197001252e-16,0.1356540897581062,0.0
14,0.15,100.0,P,1.1198670624820872,1.1197430587179444,0.00012400376414278824,3.358927131380529e-06,9.049398297458766e-05,0.0017246244767905594,4.163336342344337e-16,2.9397690084920214e-05,1.5543122344752192e-15,1.509903313490213e-14,0.1356540897581062,0.0
14,0.15,110.0,C,0.0005690603880787161,0.0005511487823864281,1.7911605692288004e-05,1.6021307455190933e-05,1.1526691986982131e-05,0.000928075924455922,0.0,2.9397690084920214e-05,7.589415207398531e-19,6.938893903907228e-18,0.0006919378757483913,0.0
14,0.15,110.0,P,9.881752567648352,9.881764008664017,1.1441015665525356e-05,1.5727781241592353e-05,1.1526691986982131e-05,0.0009282443980158095,0.0,2.9397690084920214e-05,1.7763568394002505e-15,1.10397802011164e-14,0.0006919378757483913,0.0
14,0.25,90.0,C,10.112716905526957,10.112596733413094,0.00012017211386350368,2.241209523778931e-05,2.3050244812080484e-07,0.0008893793247164439,7.105427357601002e-15,2.937519246870579e-05,2.1316282072803006e-14,1.3877787807814457e-14,0.008989526133953816,4.4431097295699133e-178
14,0.25,90.0,P,0.024561839665331164,0.024470997709705917,9.084195562524683e-05,2.270539682004344e-05,2.3050244812080484e-07,0.0008896601138056459,7.105427357601002e-15,2.937519246870579e-05,3.469446951953614e-18,3.3306690738754696e-16,0.008989526133953816,4.4431097295699133e-178
14,0.25,100.0,C,2.003312963377984,2.0032797411757173,3.322220226653627e-05,6.445073259531142e-07,2.7652443875855748e-05,0.0008854737625281217,6.869504964868156e-15,2.937519246870579e-05,1.7763568394002505e-15,1.5987211554602254e-14,0.08138255882551786,4.4431097295699133e-178
14,0.25,100.0,P,1.8998271953088737,1.8998233032648362,3.892044037501208e-06,3.5120574382041525e-07,2.7652443875855748e-05,0.0008851929734428055,6.869504964868156e-15,2.937519246870579e-05,8.881784197001252e-16,6.217248937900877e-15,0.08138255882551786,4.4431097295699133e-178
14,0.25,110.0,C,0.05319523121115494,0.053051045188245764,0.00014418602290917903,2.8274414308197132e-05,4.265495556312823e-06,0.0008276949277448153,5.329070518200751e-15,2.937519246870579e-05,1.249000902703301e-16,8.881784197001252e-16,0.011045704102971298,4.4431097295699133e-178
14,0.25,110.0,P,9.93437876093456,9.934263905069882,0.00011485586467863129,2.798111272583892e-05,4.265495556312823e-06,0.0008279757168296875,5.329070518200751e-15,2.937519246870579e-05,1.7763568394002505e-15,4.440892098500626e-16,0.011045704102971298,4.4431097295699133e-178
14,0.45,90.0,C,10.549622651482613,10.549490275589116,0.00013237589349657242,1.7445853049191662e-05,4.923344149650177e-06,0.0004688663481045019,1.5987211554602254e-14,2.9296450804849883e-05,8.881784197001252e-15,2.3092638912203256e-14,0.025525253094247222,7.959983918471369e-63
14,0.45,90.0,P,0.46146766424194435,0.4613645398857293,0.00010312435621506744,1.7153337676475977e-05,4.923344149650177e-06,0.00046836092747870595,1.5987211554602254e-14,2.9296450804849883e-05,4.996003610813204e-16,5.773159728050814e-15,0.025525253094247222,7.959983918471369e-63
14,0.45,100.0,C,3.563090729235831,3.563192221576388,0.00010149234055667478,3.8313879135998263e-07,9.628720886001307e-06,0.0005558488102188619,1.9484414082171497e-14,2.9296450804849883e-05,4.440892098500626e-16,2.4868995751603507e-14,0.04518345697109684,7.959983918471369e-63
14,0.45,100.0,P,3.459605039787681,3.459735783665514,0.00013074387783307273,9.062341854715328e-08,9.628720886001307e-06,0.0005553433895908455,1.9484414082171497e-14,2.9296450804849883e-05,2.220446049250313e-15,1.687538997430238e-14,0.04518345697109684,7.959983918471369e-63
14,0.45,110.0,C,0.6721967244675578,0.6720853069311832,0.00011141753637466945,2.2203919271351902e-05,4.834162866246966e-06,0.000640210849042866,2.1316282072803006e-14,2.9296450804849883e-05,1.1102230246251565e-16,7.105427357601002e-15,0.022093985015826115,7.959983918471369e-63
14,0.45,110.0,P,10.553380332811924,10.553298166812821,8.21659991032675e-05,2.2496434644136976e-05,4.834162866246966e-06,0.0006397054284112969,2.1316282072803006e-14,2.9296450804849883e-05,5.329070518200751e-15,1.687538997430238e-14,0.022093985015826115,7.959983918471369e-63
30,0.15,90.0,C,10.196812703828186,10.196727830203155,8.487362503117879e-05,2.1290242169902385e-05,4.393022305090172e-06,0.0014590455859596063,3.730349362740526e-14,2.9567961874477078e-05,1.4210854715202004e-14,3.352873534367973e-14,0.004748311234595053,3.575392982776078e-219
30,0.15,90.0,P,0.008170936069297594,0.008115533355988497,5.540271330909709e-05,2.158495128739158e-05,4.393022305090172e-06,0.0014594063952219072,3.730349362740526e-14,2.9567961874477078e-05,1.734723475976807e-18,5.551115123125783e-17,0.004748311234595053,3.575392982776078e-219
30,0.15,100.0,C,1.8247932699507332,1.8247303044712055,6.296547952766574e-05,2.836013319296171e-06,3.649602200610225e-05,0.0014899366568581485,3.7470027081099033e-14,2.9567961874477078e-05,2.6645352591003757e-15,1.7763568394002505e-14,0.09245948786928965,3.575392982776078e-219
30,0.15,100.0,P,1.6033287745961997,1.6032952800283933,3.349456780643578e-05,3.1307224368504194e-06,3.649602200610225e-05,0.001489575847600122,3.7470027081099033e-14,2.9567961874477078e-05,2.886579864025407e-15,7.105427357601002e-15,0.09245948786928965,3.575392982776078e-219
30,0.15,110.0,C,0.02442008185837913,0.024298544513366955,0.0001215373450121765,3.7864014092878207e-05,1.8517019636753174e-06,0.0019382835610244342,3.907985046680551e-14,2.9567961874477078e-05,4.85722573273506e-17,8.881784197001252e-16,0.007705456312598999,3.575392982776078e-219
30,0.15,110.0,P,9.770132858908202,9.770040792474898,9.206643330372799e-05,3.756930497555988e-05,1.8517019636753174e-06,0.001938644370294007,3.907985046680551e-14,2.9567961874477078e-05,1.7763568394002505e-15,1.6209256159527285e-14,0.007705456312598999,3.575392982776078e-219
30,0.25,90.0,C,10.38706531605918,10.386911826014705,0.0001534900444752907,3.385979927217342e-06,6.238025863879171e-06,0.00017013709825297596,2.1316282072803006e-14,2.9519695559088177e-05,5.329070518200751e-15,9.325873406851315e-15,0.02106618800805214,9.555713516956227e-92
30,0.25,90.0,P,0.19842359640816895,0.19829952916753177,0.00012406724063718233,3.0917518886869333e-06,6.238025863879171e-06,0.00016953574980416164,2.1316282072803006e-14,2.9519695559088177e-05,1.6653345369377348e-16,2.220446049250313e-15,0.02106618800805214,9.555713516956227e-92
30,0.25,100.0,C,2.964533459273352,2.9645841802537447,5.072098039260453e-05,2.4044775004394836e-07,1.3422258026890566e-05,0.0009226272019535742,2.2093438190040615e-14,2.9519695559088177e-05,1.7763568394002505e-15,4.618527782440651e-14,0.05549168928283008,9.555713516956227e-92
30,0.25,100.0,P,2.7430690120266954,2.7431491558109324,8.014378423704116e-05,5.346757885882347e-07,1.3422258026890566e-05,0.0009220258534909931,2.2093438190040615e-14,2.9519695559088177e-05,2.220446049250313e-15,3.552713678800501e-15,0.05549168928283008,9.555713516956227e-92
30,0.25,110.0,C,0.3423547475322036,0.3421897123287494,0.000165035203454178,8.438825011641837e-06,8.125245659223318e-06,0.0006060526792195375,2.4868995751603507e-14,2.9519695559088177e-05,5.551115123125783e-17,7.993605777301127e-15,0.020690954856960094,9.555713516956227e-92
30,0.25,110.0,P,10.088067572689903,10.087931960290293,0.00013561239961035199,8.733053050158368e-06,8.125245659223318e-06,0.000605451330759621,2.4868995751603507e-14,2.9519695559088177e-05,0.0,1.5987211554602254e-14,0.020690954856960094,9.555713516956227e-92
30,0.45,90.0,C,11.569279801535316,11.569271117145426,8.684389889879185e-06,2.766475965698678e-05,8.349786571743012e-07,0.0008902111714430561,2.842170943040401e-14,2.9350763455227025e-05,1.5987211554602254e-14,3.552713678800501e-14,0.025471699143536582,3.0302403434324095e-31
30,0.45,90.0,P,1.3806382502619348,1.380658820298268,2.057003633315624e-05,2.7372215394505517e-05,8.349786571743012e-07,0.0008891287437329254,2.842170943040401e-14,2.9350763455227025e-05,2.220446049250313e-16,2.398081733190338e-14,0.025471699143536582,3.0302403434324095e-31
30,0.45,100.0,C,5.243309090715157,5.243515507582524,0.00020641686736677656,5.883618688917736e-07,5.6359752867614354e-06,0.0006988351091159473,2.864375403532904e-14,2.9350763455227025e-05,8.881784197001252e-15,5.861977570020827e-14,0.03079279644249043,3.0302403434324095e-31
30,0.45,100.0,P,5.02184481184613,5.022080483139718,0.00023567129358870176,8.809061312620159e-07,5.6359752867614354e-06,0.000697752681382724,2.864375403532904e-14,2.9350763455227025e-05,1.7763568394002505e-15,5.3290705182007514e-14,0.03079279644249043,3.0302403434324095e-31
30,0.45,110.0,C,1.8573269011203293,1.8573548020843103,2.7900963980975746e-05,3.0913388085307414e-05,1.0536120183951558e-07,0.0010043171230371684,3.197442310920451e-14,2.9350763455227025e-05,3.1086244689504383e-15,3.730349362740526e-14,0.02057221784162041,3.0302403434324095e-31
30,0.45,110.0,P,11.603039894655659,11.603097050045866,5.715539020734184e-05,3.1205932347622145e-05,1.0536120183951558e-07,0.001003234695323485,3.197442310920451e-14,2.9350763455227025e-05,3.552713678800501e-15,3.907985046680551e-14,0.02057221784162041,3.0302403434324095e-31
60,0.15,90.0,C,10.457371521418212,10.457234756207741,0.00013676521047045753,8.435775038506677e-06,4.761308181363069e-06,0.0006407472136480408,1.7763568394002505e-14,3.004621655122719e-05,3.552713678800501e-15,2.1316282072803006e-14,0.014978387768390439,8.34339127623482e-123
60,0.15,90.0,P,0.08097263087571292,0.08086571496572215,0.00010691590999077627,8.734268043493476e-06,4.761308181363069e-06,0.0006414680621680269,1.7763568394002505e-14,3.004621655122719e-05,4.163336342344337e-17,4.884981308350689e-15,0.014978387768390439,8.34339127623482e-123
60,0.15,100.0,C,2.64267847511757,2.6426901182032823,1.1643085712442769e-05,2.9958711582622755e-06,1.7961931442933565e-05,0.0014652682863669497,1.9761969838327786e-14,3.004621655122719e-05,1.3322676295501878e-15,3.552713678800501e-14,0.06512687370875406,8.34339127623482e-123
60,0.15,100.0,P,2.2007418625284636,2.2007833549146483,4.149238618467166e-05,3.294364163131114e-06,1.7961931442933565e-05,0.001464547437834085,1.9761969838327786e-14,3.004621655122719e-05,0.0,3.552713678800501e-15,0.06512687370875406,8.34339127623482e-123
60,0.15,110.0,C,0.18872837337926682,0.1885317079169066,0.0001966654623602182,8.43296040195507e-06,9.778624687772214e-06,0.00010212357657124471,2.3092638912203256e-14,3.004621655122719e-05,2.220446049250313e-16,3.552713678800501e-15,0.01852286374781181,8.34339127623482e-123
60,0.15,110.0,P,9.681254038743553,9.681087222581668,0.00016681616188485293,8.134467397002965e-06,9.778624687772214e-06,0.00010140272805347905,2.3092638912203256e-14,3.004621655122719e-05,1.7763568394002505e-15,5.329070518200751e-15,0.01852286374781181,8.34339127623482e-123
60,0.25,90.0,C,11.05490892604475,11.0548228072606,8.61187841501021e-05,2.2389121714483373e-05,3.1333831624451303e-06,0.0011071863868821197,1.4210854715202004e-14,2.9949469379175753e-05,1.2434497875801753e-14,3.552713678800501e-14,0.025489094697644796,1.2900383931027563e-48
60,0.25,90.0,P,0.6785101316153618,0.6784537660185807,5.636559678112718e-05,2.2091589840761428e-05,3.1333831624451303e-06,0.0011059849732966143,1.4210854715202004e-14,2.9949469379175753e-05,1.1102230246251565e-16,1.7763568394002505e-14,0.025489094697644796,1.2900383931027563e-48
60,0.25,100.0,C,4.249087338181527,4.249221096844275,0.00013375866274856207,1.0784495458882049e-06,7.785092038956054e-06,0.001071640938182128,1.4765966227514582e-14,2.9949469379175753e-05,1.7763568394002505e-15,6.394884621840902e-14,0.03910761906236362,1.2900383931027563e-48
60,0.25,100.0,P,3.8071508217055285,3.807314333555649,0.00016351185012064562,1.375981419582395e-06,7.785092038956054e-06,0.0010704395245966225,1.4765966227514582e-14,2.9949469379175753e-05,8.881784197001252e-15,5.684341886080802e-14,0.03910761906236362,1.2900383931027563e-48
60,0.25,110.0,C,1.0690588248682815,1.0689771535257002,8.167134258130204e-05,2.838527140811009e-05,2.851027318350602e-06,0.0015133662729596153,1.2434497875801753e-14,2.9949469379175753e-05,1.5543122344752192e-15,3.375077994860476e-14,0.022694750756806752,1.2900383931027563e-48
60,0.25,110.0,P,10.561584586345672,10.561532668190452,5.191815522032073e-05,2.8682803281721014e-05,2.851027318350602e-06,0.0015121648593652282,1.2434497875801753e-14,2.9949469379175753e-05,1.4210854715202004e-14,5.5067062021407764e-14,0.022694750756806752,1.2900383931027563e-48
60,0.45,90.0,C,13.268007382994943,13.268159039151799,0.00015165615685575062,2.5165781048830382e-05,9.788323555547096e-07,0.0011335472734490537,3.197442310920451e-14,2.9610854227257732e-05,1.9539925233402755e-14,6.927791673660977e-14,0.021187817972233357,4.820837655478912e-17
60,0.45,90.0,P,2.891608924961518,2.89178999790979,0.00018107294827229836,2.4871613134525017e-05,9.788323555547096e-07,0.0011313847277261146,3.197442310920451e-14,2.9610854227257732e-05,5.329070518200751e-15,5.329070518200751e-15,0.021187817972233357,4.820837655478912e-17
60,0.45,100.0,C,7.4597670642178775,7.460095111108158,0.00032804689028065326,1.5487727136331841e-06,3.6863716342469544e-06,0.0009174917954730688,3.3861802251067274e-14,2.9610854227257732e-05,5.329070518200751e-15,5.684341886080802e-14,0.021677778540253104,4.820837655478912e-17
60,0.45,100.0,P,7.017830884137844,7.0181883478195175,0.00035746368167366427,1.8429406278275273e-06,3.6863716342469544e-06,0.0009153292497749987,3.3861802251067274e-14,2.9610854227257732e-05,6.217248937900877e-15,3.197442310920451e-14,0.021677778540253104,4.820837655478912e-17
60,0.45,110.0,C,3.771648471802743,3.771844618674069,0.000196146871326075,2.8603824386019827e-05,1.5411664497193278e-06,0.0012421311299419813,3.730349362740526e-14,2.9610854227257732e-05,3.552713678800501e-15,5.684341886080802e-14,0.016601445121584565,4.820837655478912e-17
60,0.45,110.0,P,13.264174569676102,13.264400133338828,0.00022556366272574735,2.8897992300325193e-05,1.5411664497193278e-06,0.0012399685842137131,3.730349362740526e-14,2.9610854227257732e-05,3.552713678800501e-15,3.375077994860476e-14,0.016601445121584565,4.820837655478912e-17
90,0.15,90.0,C,10.767214014688955,10.767083583958577,0.00013043073037799502,5.916770293490359e-06,5.475503704124862e-06,0.00035142174055913245,2.1316282072803006e-14,3.0733020025763835e-05,5.329070518200751e-15,2.4868995751603507e-14,0.02009385415168585,2.3281104729211933e-85
90,0.15,90.0,P,0.2039102894206859,0.20381029008005538,9.99993406305133e-05,5.612456396152099e-06,5.475503704124862e-06,0.00035034162150626713,2.1316282072803006e-14,3.0733020025763835e-05,2.220446049250313e-16,8.881784197001252e-15,0.02009385415168585,2.3281104729211933e-85
90,0.15,100.0,C,3.2939144416479267,3.293969386869323,5.494522139626312e-05,3.2488527627050345e-06,1.2514990206234644e-05,0.0015312745507181091,2.2870594307278225e-14,3.0733020025763835e-05,4.440892098500626e-16,1.1723955140041653e-13,0.052975227374214305,2.3281104729211933e-85
90,0.15,100.0,P,2.6324653794171997,2.6325507560283454,8.537661114571549e-05,3.553166660064111e-06,1.2514990206234644e-05,0.0015301944316803429,2.2870594307278225e-14,3.0733020025763835e-05,8.881784197001252e-16,6.394884621840902e-14,0.052975227374214305,2.3281104729211933e-85
90,0.15,110.0,C,0.44421152972389816,0.44402175615708345,0.00018977356681471047,1.2429593928164895e-05,8.340442853731894e-06,0.0014719002462815212,2.4868995751603507e-14,3.0733020025763835e-05,2.7755575615628914e-16,3.019806626980426e-14,0.02269187968618203,2.3281104729211933e-85
90,0.15,110.0,P,9.684617130530714,9.684457788353638,0.00015934217707602727,1.2733907825523971e-05,8.340442853731894e-06,0.001470820127259742,2.4868995751603507e-14,3.0733020025763835e-05,1.7763568394002505e-15,5.329070518200751e-15,0.02269187968618203,2.3281104729211933e-85
90,0.25,90.0,C,11.731940722232425,11.731924971064362,1.5751168062294596e-05,2.5968698552536473e-05,1.0993957033807178e-06,0.0014552558501570445,1.7763568394002505e-15,3.058757671681178e-05,1.5987211554602254e-14,1.2256862191861728e-13,0.024838527517526122,1.4651150088679604e-33
90,0.25,90.0,P,1.1686371409799847,1.1686516771858302,1.4536205845461225e-05,2.566582481353108e-05,1.0993957033807178e-06,0.0014534556525642728,1.7763568394002505e-15,3.058757671681178e-05,1.3322676295501878e-15,7.638334409421077e-14,0.024838527517526122,1.4651150088679604e-33
90,0.25,100.0,C,5.254699917707508,5.254888444438973,0.0001885267314651884,1.6164875020763247e-06,5.881460656984028e-06,0.0012151799467190472,1.2212453270876722e-15,3.058757671681178e-05,2.6645352591003757e-15,1.3855583347321954e-13,0.03182559812996002,1.4651150088679604e-33
90,0.25,100.0,P,4.59325099949261,4.593469813597981,0.0002188141053709458,1.919361241109474e-06,5.881460656984028e-06,0.001213379749149368,1.2212453270876722e-15,3.058757671681178e-05,8.881784197001252e-16,1.7408297026122455e-13,0.03182559812996002,1.4651150088679604e-33
90,0.25,110.0,C,1.8023839082716693,1.802377859347903,6.048923766321934e-06,3.17706506167692e-05,4.703546014825366e-07,0.0018273183230164136,3.552713678800501e-15,3.058757671681178e-05,2.4424906541753444e-15,1.545430450278218e-13,0.021403412379473796,1.4651150088679604e-33
90,0.25,110.0,P,11.042789653094314,11.042813891544464,2.4238450150093627e-05,3.207352435585786e-05,4.703546014825366e-07,0.001825518125439629,3.552713678800501e-15,3.058757671681178e-05,1.7763568394002505e-15,1.474376176702208e-13,0.021403412379473796,1.4651150088679604e-33
90,0.45,90.0,C,14.707047626897987,14.707308965299365,0.0002613384013780973,2.161598051919622e-05,1.332960157101118e-06,0.0012808334135598898,1.4210854715202004e-14,3.0078381371367868e-05,1.4210854715202004e-14,2.1316282072803006e-13,0.01820872735805781,2.7236157334106667e-12
90,0.45,90.0,P,4.143744549843391,4.144035671420839,0.000291121577447484,2.1318148758608935e-05,1.332960157101118e-06,0.0012775782257747892,1.4210854715202004e-14,3.0078381371367868e-05,2.6645352591003757e-15,2.1316282072803006e-14,0.01820872735805781,2.7236157334106667e-12
90,0.45,100.0,C,9.172306238646694,9.172721906914301,0.00041566826760686126,2.183339481542923e-06,2.9232020995334507e-06,0.0010949864745946059,1.6764367671839864e-14,3.0078381371367868e-05,1.7763568394002505e-15,2.0605739337042905e-13,0.017621935744661702,2.7236157334106667e-12
90,0.45,100.0,P,8.510857824629642,8.511303276073317,0.00044545144367447165,2.48117124218572e-06,2.9232020995334507e-06,0.0010917312867739781,1.6764367671839864e-14,3.0078381371367868e-05,3.552713678800501e-15,1.7763568394002505e-14,0.017621935744661702,2.7236157334106667e-12
90,0.45,110.0,C,5.375230372340449,5.375540673604746,0.000310301264296875,2.5873316728763918e-05,1.7740191860134147e-06,0.0014045381872662688,1.4210854715202004e-14,3.0078381371367868e-05,2.6645352591003757e-15,1.8829382497642655e-13,0.014123784629253086,2.7236157334106667e-12
90,0.45,110.0,P,14.615636621360938,14.615976705801318,0.0003400844403795844,2.6171148489351204e-05,1.7740191860134147e-06,0.0014012829994740628,1.4210854715202004e-14,3.0078381371367868e-05,1.7763568394002505e-15,2.4868995751603507e-14,0.014123784629253086,2.7236157334106667e-12
