strike,pdf,pdf_desde_precios,error_pdf
90.13,0.02166947644508956,0.021669475116382758,1.3287068008349667e-09
90.46333333333332,0.023243744272455534,0.023243742964473554,1.307981979670192e-09
90.79666666666667,0.02482933577954732,0.02482933438253296,1.3970143583619254e-09
91.13,0.026479454663792944,0.026479453296868523,1.3669244208758258e-09
91.46333333333332,0.028129262248641828,0.028129260788435494,1.460206334319425e-09
91.79666666666667,0.029828027743499134,0.02982802633094548,1.4125536539066896e-09
92.13,0.03151592390776209,0.03151592249882035,1.408941741054548e-09
92.46333333333332,0.03323109671929399,0.033231095337596106,1.3816978811087566e-09
92.79666666666667,0.03492856956492632,0.03492856813877942,1.4261469019616335e-09
93.13,0.03662374842582724,0.03662374703520831,1.39061893250636e-09
93.46333333333332,0.038300355632682796,0.03830035423465429,1.398028505461557e-09
93.79666666666667,0.039936828092946366,0.03993682674905487,1.3438914980845595e-09
94.13,0.041554812323068825,0.04155481102720422,1.2958646031235865e-09
94.46333333333332,0.0430995585216463,0.04309955727467507,1.246971227664151e-09
94.79666666666667,0.04461854504941709,0.04461854382088593,1.2285311587478809e-09
95.13,0.04604230509474806,0.0460423039623908,1.1323572635113521e-09
95.46333333333332,0.04742218631787805,0.047422185216801103,1.1010769448982494e-09
95.79666666666667,0.048699306461956145,0.04869930547652495,9.854311949775152e-10
96.13,0.04990206594131923,0.0499020649778353,9.634839315264543e-10
96.46333333333332,0.05101119730661416,0.05101119650874091,7.978732466384919e-10
96.79666666666667,0.05200273775350805,0.0520027369480048,8.055032474363344e-10
97.13,0.0529271732645774,0.052927172624311285,6.402661179016889e-10
97.46333333333332,0.05367902523400427,0.0536790246156425,6.183617715094236e-10
97.79666666666667,0.05440668540204094,0.05440668498903784,4.130030969995424e-10
98.13,0.05489747589489398,0.054897475478579,4.1631498248762e-10
98.46333333333332,0.05538266010841208,0.05538265969886919,4.095428857153749e-10
98.79666666666667,0.05563717103625488,0.05563717081641144,2.1984344206193995e-10
99.13,0.055850933435921186,0.05585093322974893,2.0617225982011433e-10
99.46333333333332,0.05588989558700466,0.05588989558825168,1.2470163790467836e-12
99.79666666666667,0.05582799899820796,0.0558279989897067,8.50125525531098e-12
100.13,0.055659724879275826,0.05565972509447755,2.1520172449607244e-10
100.46333333333332,0.05532695529026318,0.05532695549720238,2.069392018855254e-10
100.79666666666667,0.05496212528744067,0.05496212569314111,4.0570043852161675e-10
101.13,0.05437200495487043,0.054372005339653015,3.847825877367761e-10
101.46333333333332,0.05378710335117964,0.053787103741339624,3.9015998765101756e-10
101.79666666666667,0.052996719242906005,0.05299671979883753,5.559315230385664e-10
102.13,0.05217825743729067,0.05217825799003465,5.527439825292468e-10
102.46333333333332,0.051242123760308414,0.05124212447147778,7.111693664518803e-10
102.79666666666667,0.05021810883159047,0.050218109531470684,6.998802162816453e-10
103.13,0.0491547548928174,0.04915475573069315,8.378757548888061e-10
103.46333333333332,0.04795845981957246,0.047958460646671,8.270985424330135e-10
103.79666666666667,0.04677317618930147,0.04677317700810506,8.188035874323596e-10
104.13,0.04545307798280559,0.04545307890480722,9.220016347621929e-10
104.46333333333332,0.04413361311029198,0.0441336140172608,9.069688194918157e-10
104.79666666666667,0.04275592352398678,0.04275592451152677,9.875399942238516e-10
105.13,0.041340528349155685,0.041340529327895344,9.787396587634944e-10
105.46333333333332,0.03991971352383851,0.03991971455000789,1.0261693786373094e-09
105.79666666666667,0.0384466706239925,0.038446671633961337,1.0099688377285254e-09
106.13,0.03698710565023102,0.036987106648094493,9.978634724072677e-10
106.46333333333332,0.03550083492939064,0.03550083595460417,1.0252135251853645e-09
106.79666666666665,0.03402046919008068,0.034020470201445704,1.0113650264487184e-09
107.13,0.032547285327721255,0.0325472863362543,1.008533041801929e-09
107.46333333333332,0.03107954292627416,0.031079543922968106,9.966939461258928e-10
107.79666666666665,0.029625485288859183,0.02962548668374765,1.3948884686199037e-09
108.13,0.028199773294401074,0.02819977425974655,9.653454771663128e-10
108.46333333333332,0.02678691897148221,0.026786919923405983,9.519237724464613e-10
108.79666666666665,0.02541099123835028,0.02541099215444345,9.160931700724628e-10
109.13,0.024064135767694745,0.024064136671785512,9.040907675283982e-10
109.46333333333332,0.022737823095079976,0.022737823949164928,8.540849520677352e-10
109.79666666666665,0.021476222193598106,0.02147622303583486,8.422367525628971e-10
110.13,0.020225862452283482,0.02022586328714215,8.34858668308236e-10
